x,y,speed,distance,direction,role,result
31.46,23.5,0.86,0.13,277.47,3,3
34.89,34.87,1.26,0.14,130.14,3,3
37.95,34.02,0.16,0.09,51.23,3,3
40.47,45.1,2.45,0.37,65.64,3,3
32.8,26.7,3.01,0.31,223.39,3,3
32.27,26.6,2.44,0.23,250.53,3,3
35.72,29.89,1.41,0.22,259.69,3,3
41.78,13.06,3.71,0.38,183.47,3,3
34.06,29.86,2.24,0.29,212.67,3,3
54.87,27.38,4.04,0.43,172.55,3,3
40.35,21.99,3.22,0.31,163.44,3,3
39.9,45.91,2.76,0.4,76.29,0,3
30.22,29.28,1.23,0.1,254.73,1,3
31.55,26.87,1.77,0.19,254.84,0,3
32.35,27.92,1.72,0.18,236.4,0,3
33.33,30.25,2.05,0.26,215.37,0,3
38.69,22.23,4.64,0.48,146.47,0,3
38.97,14.15,5.93,0.65,149.11,2,3
34.43,34.53,1.57,0.18,85.07,0,3
31.88,32.03,1.81,0.22,75.0,0,3
33.58,27.15,2.83,0.36,205.41,0,3
31.08,24.51,1.48,0.18,245.14,0,3
41.49,25.32,3.67,0.39,339.06,3,1
40.1,30.02,3.9,0.5,189.8,3,1
59.47,22.83,2.24,0.14,166.21,3,1
63.8,11.24,3.86,0.51,81.35,3,1
46.68,26.12,0.75,0.09,105.05,3,1
59.84,32.17,2.79,0.26,148.13,3,1
56.24,49.91,1.94,0.27,42.8,3,1
69.1,38.92,2.73,0.31,118.72,3,1
45.12,29.24,2.52,0.28,195.93,3,1
62.43,12.88,2.43,0.26,167.4,3,1
65.11,19.9,2.63,0.25,206.29,3,1
62.05,25.85,5.36,0.6,37.05,0,1
43.41,28.69,1.15,0.17,117.37,1,1
45.27,26.54,0.8,0.08,198.29,0,1
46.31,27.06,0.35,0.05,152.49,0,1
40.14,30.9,4.1,0.45,214.48,0,1
61.06,12.19,3.89,0.45,72.73,0,1
44.51,29.87,1.43,0.11,185.86,0,1
42.48,24.78,2.29,0.32,302.23,0,1
57.76,51.53,5.55,0.61,63.75,0,1
53.83,16.61,3.32,0.3,145.75,2,1
46.31,43.28,5.47,0.59,28.29,0,1
65.09,30.41,3.03,0.23,22.7,3,1
74.51,34.22,5.12,0.63,83.92,3,1
66.81,31.56,6.23,0.63,6.96,3,1
77.28,42.05,7.03,0.71,49.73,3,1
86.41,31.83,4.52,0.51,37.45,3,1
64.95,21.6,1.47,0.19,252.71,3,1
57.0,26.8,2.69,0.26,237.88,3,1
56.05,29.2,2.07,0.36,246.88,3,1
63.18,23.41,0.46,0.07,319.54,3,1
61.95,25.93,0.6,0.12,275.73,3,1
57.19,21.11,2.09,0.26,330.06,3,1
76.04,33.13,5.2,0.63,101.43,0,1
55.64,24.7,0.42,0.09,186.92,1,1
61.34,24.27,0.49,0.06,222.77,0,1
61.89,25.86,0.51,0.05,282.39,0,1
56.47,28.95,2.59,0.35,255.81,0,1
57.11,21.81,1.97,0.24,322.54,0,1
75.92,42.72,8.19,0.9,62.93,0,1
66.13,28.27,0.81,0.11,86.15,0,1
56.9,25.89,2.4,0.23,240.35,0,1
63.08,22.59,0.66,0.1,163.13,0,1
63.52,35.01,6.55,0.69,20.2,2,1
65.28,24.31,2.11,0.3,272.13,3,1
62.64,32.83,4.67,0.49,237.92,3,1
63.94,28.96,5.52,0.61,266.14,3,1
75.61,42.01,5.61,0.61,53.18,3,1
66.16,29.74,1.56,0.25,237.49,3,1
69.8,27.83,6.26,0.66,170.13,3,1
79.01,21.77,4.29,0.44,49.53,3,1
86.89,27.99,2.18,0.23,136.75,3,1
64.31,27.26,2.83,0.3,261.9,3,1
73.36,26.21,2.31,0.26,40.93,3,1
74.07,23.0,2.82,0.28,350.23,3,1
75.2,42.97,6.39,0.7,57.46,0,1
60.88,28.9,3.34,0.34,248.92,1,1
63.59,27.98,2.84,0.37,269.71,0,1
64.4,29.17,2.56,0.36,255.04,0,1
63.13,32.25,3.43,0.35,246.8,0,1
76.98,22.37,5.46,0.63,59.51,0,1
66.03,30.31,1.46,0.2,213.47,0,1
64.33,25.27,1.82,0.22,255.29,0,1
73.04,25.94,2.2,0.28,45.68,0,1
70.96,25.23,3.59,0.41,25.39,0,1
69.68,24.25,6.56,0.66,160.29,2,1
94.58,16.55,1.67,0.17,232.24,3,2
97.6,23.49,0.58,0.21,200.38,3,2
97.34,13.68,2.75,0.26,145.6,3,2
94.84,22.09,2.6,0.3,190.9,3,2
95.2,20.02,2.26,0.43,182.28,3,2
98.18,19.63,2.22,0.33,200.88,3,2
100.47,32.86,3.41,0.33,192.56,3,2
95.27,24.51,2.5,0.4,183.74,3,2
107.8,24.42,1.88,0.17,262.84,3,2
96.23,17.19,1.88,0.24,207.21,3,2
94.41,28.59,3.55,0.42,213.47,3,2
95.16,13.7,3.53,0.65,139.41,0,2
92.37,23.89,1.62,0.17,248.26,1,2
94.15,20.76,2.98,0.34,166.27,0,2
93.86,21.74,3.26,0.4,183.2,0,2
96.35,32.01,4.2,0.46,143.0,2,2
94.31,24.37,3.77,0.41,157.25,0,2
94.15,18.1,2.27,0.22,168.9,0,2
94.05,17.5,1.56,0.31,201.75,0,2
94.87,23.76,3.17,0.4,156.46,0,2
94.5,19.03,3.03,0.48,167.44,0,2
88.73,22.53,3.77,0.5,145.0,0,2
99.56,16.65,3.4,0.35,156.12,3,1
100.7,29.18,1.18,0.23,215.17,3,1
104.64,43.78,2.99,0.36,97.63,3,1
91.68,22.73,1.78,0.17,356.13,3,1
91.24,19.14,0.51,0.08,346.7,3,1
98.36,19.18,1.32,0.18,159.39,3,1
101.91,35.12,1.13,0.06,1.42,3,1
89.29,28.95,2.3,0.25,272.22,3,1
107.82,35.21,0.24,0.14,242.56,3,1
108.57,18.38,2.16,0.26,104.69,3,1
90.94,24.88,2.73,0.29,265.37,3,1
99.87,41.45,3.36,0.35,151.23,2,1
87.84,25.31,1.08,0.12,309.42,1,1
90.72,22.17,1.33,0.16,300.89,0,1
90.87,23.23,0.71,0.1,328.08,0,1
89.23,27.91,2.37,0.25,274.95,0,1
104.19,19.84,6.03,0.71,114.79,0,1
103.95,35.18,6.14,0.61,61.37,0,1
98.39,31.79,4.9,0.55,167.94,0,1
90.37,25.16,2.16,0.29,256.89,0,1
90.49,19.57,1.16,0.1,248.41,0,1
88.73,16.13,5.54,0.61,166.7,0,1
86.21,33.34,0.78,0.09,350.38,3,2
91.2,28.54,1.04,0.12,291.4,3,2
87.42,27.69,1.77,0.2,358.15,3,2
61.07,8.88,3.2,0.31,337.86,3,2
77.33,50.0,3.28,0.38,345.49,2,2
72.2,12.25,1.19,0.15,345.0,3,2
92.77,43.54,3.99,0.42,347.79,3,2
89.9,36.58,3.04,0.32,5.63,3,2
83.52,54.2,1.54,0.2,9.51,3,2
96.19,49.59,6.36,0.68,341.25,1,2
90.13,43.34,4.1,0.44,312.12,3,2
92.41,47.18,7.14,0.75,9.29,0,2
78.27,42.65,6.4,0.68,2.61,0,2
81.92,53.37,1.32,0.11,292.9,0,2
76.38,48.9,2.49,0.36,354.65,0,2
65.53,46.89,5.24,0.56,46.27,0,2
67.93,11.57,2.12,0.24,335.82,0,2
81.6,50.61,1.64,0.11,319.05,0,2
96.45,41.51,6.39,0.67,339.34,0,2
89.88,34.37,5.23,0.56,341.08,0,2
60.28,9.42,3.24,0.34,339.92,0,2
91.04,41.12,5.69,0.61,323.93,0,2
78.14,20.49,0.39,0.05,209.68,3,0
83.03,21.23,2.01,0.26,80.53,3,0
76.11,20.69,1.16,0.12,275.03,3,0
57.08,16.74,4.12,0.41,321.48,3,0
55.46,5.41,7.04,0.73,259.21,3,0
60.82,49.96,7.13,0.75,294.87,2,0
82.44,22.36,2.15,0.24,96.23,3,0
83.89,24.97,3.35,0.37,77.22,3,0
69.92,26.69,3.76,0.41,333.97,3,0
81.88,31.18,5.23,0.55,358.48,1,0
53.65,35.49,7.03,0.76,284.06,3,0
76.09,19.36,2.36,0.31,278.37,0,0
66.68,24.76,5.44,0.6,13.36,0,0
83.38,21.76,3.16,0.37,27.49,0,0
65.17,33.96,4.33,0.46,2.58,0,0
56.76,5.5,6.88,0.72,266.47,0,0
48.3,23.04,4.86,0.5,320.69,0,0
54.05,35.97,7.11,0.75,283.26,0,0
84.95,28.38,4.87,0.53,20.9,0,0
59.31,13.6,5.29,0.57,315.81,0,0
79.18,29.59,4.62,0.53,6.4,0,0
61.26,48.13,6.13,0.61,301.9,0,0
43.96,37.81,2.96,0.36,7.05,3,1
45.69,34.57,2.49,0.28,36.59,3,1
41.76,38.26,0.79,0.08,353.73,3,1
40.34,19.71,6.39,0.66,191.22,3,1
28.72,22.62,8.0,0.83,260.69,3,1
28.54,35.41,8.05,0.83,248.83,2,1
44.75,39.58,3.27,0.4,39.52,3,1
44.66,41.45,2.09,0.23,10.98,3,1
45.26,42.36,5.64,0.62,338.9,3,1
52.2,27.64,4.48,0.5,162.02,1,1
33.38,30.16,6.86,0.74,211.04,3,1
47.3,34.77,3.06,0.37,92.35,0,1
43.33,38.93,2.87,0.3,357.41,0,1
41.67,30.8,2.44,0.29,177.34,0,1
38.52,38.57,2.6,0.31,316.74,0,1
29.15,20.83,7.64,0.79,262.78,0,1
24.61,26.26,4.16,0.48,222.43,0,1
30.84,27.03,4.91,0.47,193.8,0,1
43.64,40.17,1.02,0.1,6.72,0,1
40.68,25.35,4.29,0.47,218.17,0,1
44.19,40.2,2.76,0.36,38.35,0,1
28.06,38.49,5.37,0.53,243.62,0,1
18.91,27.19,2.35,0.2,22.45,3,1
19.51,24.0,1.38,0.19,61.78,3,1
19.34,27.81,1.94,0.2,48.22,3,1
16.81,15.73,5.75,0.64,200.99,3,1
14.37,23.07,3.71,0.45,316.23,3,1
19.91,29.07,1.72,0.22,79.88,3,1
20.04,30.17,1.94,0.23,77.33,3,1
18.66,35.77,6.61,0.7,336.0,2,1
23.15,27.03,1.01,0.1,77.99,1,1
13.98,34.04,3.18,0.42,263.95,3,1
13.7,17.94,4.38,0.54,278.13,3,1
17.81,28.2,2.9,0.29,33.34,0,1
11.53,27.13,2.72,0.26,352.3,0,1
18.36,23.89,1.94,0.22,54.47,0,1
12.92,33.77,5.55,0.58,339.82,0,1
10.57,14.9,2.22,0.25,280.54,0,1
7.48,30.25,5.16,0.5,0.66,0,1
13.7,14.8,4.35,0.52,194.58,0,1
13.4,34.76,2.72,0.34,264.47,0,1
18.87,28.7,2.57,0.25,63.23,0,1
12.59,23.87,1.2,0.2,340.58,0,1
18.96,30.45,2.43,0.25,59.43,0,1
31.4,34.18,2.44,0.36,34.94,3,2
30.82,14.03,6.22,0.66,178.13,3,2
38.08,38.5,3.23,0.36,48.1,3,2
24.75,24.55,3.07,0.35,255.1,3,2
29.58,20.38,2.93,0.33,195.89,3,2
33.95,7.93,4.0,0.52,114.7,3,2
27.18,22.63,2.4,0.3,263.8,3,2
47.71,13.73,4.14,0.58,154.64,3,2
42.84,30.58,3.12,0.34,71.99,3,2
24.19,19.3,3.57,0.44,295.29,3,2
26.49,27.32,2.48,0.2,280.06,3,2
35.74,33.53,6.19,0.66,82.43,0,2
22.11,22.98,3.37,0.35,264.61,1,2
26.98,21.32,1.41,0.09,256.5,0,2
25.08,23.83,1.88,0.21,263.3,0,2
26.26,26.66,1.24,0.1,267.71,0,2
31.74,38.49,6.4,0.68,49.41,0,2
33.9,7.11,4.49,0.52,111.84,0,2
28.0,12.46,6.35,0.69,151.27,0,2
28.34,24.45,3.13,0.28,163.06,0,2
28.12,19.54,2.44,0.28,155.45,0,2
25.45,19.84,3.23,0.32,133.14,2,2
36.0,18.26,1.56,0.25,266.72,3,1
39.7,33.89,5.14,0.55,14.42,3,1
52.45,21.69,6.8,0.69,28.46,3,1
36.01,26.89,0.87,0.14,322.0,3,1
36.91,28.54,3.22,0.31,322.59,3,1
58.55,35.42,6.84,0.72,93.15,3,1
34.52,27.5,0.85,0.1,216.86,3,1
64.0,29.59,6.0,0.66,34.07,3,1
37.51,22.09,3.76,0.47,296.54,3,1
36.89,26.96,2.24,0.25,185.1,3,1
36.68,25.05,4.06,0.46,280.04,3,1
50.81,27.77,8.46,0.88,29.06,2,1
30.44,24.55,0.3,0.06,242.14,1,1
36.17,25.89,1.03,0.15,290.84,0,1
35.31,26.01,0.91,0.1,321.73,0,1
35.96,27.98,0.17,0.02,150.94,0,1
35.76,19.27,1.15,0.15,253.34,0,1
57.73,33.26,8.82,0.95,100.28,0,1
39.09,34.7,5.42,0.55,16.72,0,1
33.7,27.27,0.67,0.07,288.54,0,1
38.49,24.64,1.83,0.24,276.93,0,1
35.14,28.54,1.21,0.16,30.02,0,1
64.31,19.71,1.11,0.13,189.31,3,1
71.06,21.99,1.87,0.22,57.76,3,1
63.79,20.43,1.14,0.14,182.96,3,1
56.69,8.62,7.13,0.73,233.63,2,1
48.28,12.09,7.98,0.82,296.78,3,1
65.56,20.85,2.49,0.3,149.24,3,1
65.84,24.28,2.05,0.21,105.28,3,1
65.86,25.99,2.62,0.29,258.69,3,1
72.42,23.78,1.1,0.04,81.01,1,1
69.01,27.15,3.6,0.39,86.81,3,1
60.43,21.62,6.95,0.73,186.68,3,1
63.37,19.93,0.92,0.08,188.47,0,1
54.76,18.59,3.56,0.34,206.09,0,1
55.94,27.04,3.11,0.29,260.66,0,1
46.95,10.67,6.3,0.66,302.58,0,1
42.46,21.9,4.02,0.39,254.78,0,1
57.7,10.86,5.15,0.54,234.23,0,1
61.5,32.13,2.5,0.33,325.94,0,1
68.89,27.79,3.01,0.41,89.69,0,1
66.69,21.14,2.78,0.34,96.41,0,1
59.91,33.08,1.67,0.21,270.35,0,1
70.69,20.97,1.77,0.25,40.58,0,1
46.79,22.58,1.64,0.24,115.9,3,2
49.32,21.13,0.73,0.1,37.4,3,2
46.92,28.05,1.69,0.18,37.04,3,2
31.79,41.59,6.89,0.7,329.14,3,2
26.35,13.21,8.12,0.85,272.87,3,2
48.44,26.13,1.64,0.23,109.87,3,2
50.32,26.99,1.57,0.19,70.35,3,2
39.24,23.98,3.01,0.32,296.45,3,2
49.86,23.2,0.11,0.08,256.07,1,2
30.19,34.35,7.61,0.79,278.43,2,2
31.9,4.47,6.82,0.71,233.14,3,2
46.22,21.89,2.09,0.25,124.8,0,2
34.97,22.27,3.08,0.39,12.63,0,2
32.84,30.6,3.47,0.38,309.35,0,2
25.29,9.79,5.85,0.65,268.23,0,2
20.52,20.01,3.99,0.43,301.27,0,2
34.11,8.57,2.77,0.3,263.32,0,2
31.11,34.99,6.24,0.62,275.88,0,2
49.54,26.76,1.95,0.14,117.02,0,2
47.89,28.68,2.05,0.29,40.64,0,2
29.81,41.0,5.64,0.61,339.11,0,2
49.05,20.14,1.08,0.13,330.09,0,2
44.81,22.25,2.82,0.28,327.76,3,1
47.16,19.93,1.64,0.17,56.71,3,1
44.09,25.66,3.2,0.36,340.25,3,1
42.62,6.03,4.28,0.51,279.12,3,1
42.51,13.8,3.24,0.42,256.42,3,1
45.1,25.74,1.0,0.18,16.7,3,1
46.91,28.7,2.74,0.3,55.54,3,1
49.18,23.6,0.72,0.09,88.14,1,1
46.42,34.92,1.62,0.35,38.48,2,1
45.55,31.96,3.88,0.54,7.14,3,1
42.86,42.81,3.33,0.56,275.65,3,1
47.13,29.39,4.08,0.52,89.31,0,1
37.53,29.68,2.11,0.17,5.88,0,1
38.84,13.7,1.38,0.15,219.61,0,1
45.88,19.41,3.58,0.37,28.35,0,1
35.23,6.13,3.23,0.31,278.88,0,1
26.62,31.41,1.65,0.12,8.51,0,1
42.2,35.7,4.01,0.45,78.52,0,1
30.75,20.73,2.26,0.16,32.01,0,1
44.16,26.36,0.35,0.12,124.85,0,1
46.61,20.86,3.22,0.47,56.03,0,1
36.67,43.78,1.28,0.23,283.74,0,1
94.49,22.0,4.12,0.54,37.37,3,2
78.92,21.58,3.7,0.35,231.9,3,2
76.65,6.08,5.0,0.48,240.3,3,2
90.51,21.65,2.61,0.41,91.22,3,2
91.02,23.05,4.05,0.42,124.53,3,2
78.13,28.13,4.01,0.43,231.38,3,2
73.79,42.16,4.83,0.5,236.75,3,2
58.72,23.22,3.67,0.36,201.43,3,2
79.48,35.94,1.44,0.15,283.97,3,2
90.75,20.55,1.05,0.15,30.34,3,2
91.51,27.72,1.99,0.18,176.16,3,2
77.15,5.17,6.66,0.68,250.75,2,2
92.7,23.39,1.31,0.08,99.62,1,2
90.64,24.15,2.94,0.32,121.49,0,2
90.71,22.19,2.68,0.38,94.93,0,2
93.96,21.7,3.5,0.4,58.09,0,2
79.24,34.94,4.67,0.49,281.29,0,2
76.8,26.65,6.16,0.64,236.64,0,2
84.06,36.64,6.16,0.66,194.38,0,2
87.92,14.17,6.07,0.64,226.51,0,2
91.64,21.4,1.86,0.2,95.01,0,2
92.61,26.95,1.57,0.23,118.33,0,2
82.68,29.16,0.97,0.08,125.69,3,1
85.08,19.72,3.63,0.39,73.51,3,1
73.06,34.51,1.94,0.23,260.49,3,1
70.02,35.82,2.68,0.27,290.79,3,1
80.63,22.1,1.2,0.18,22.73,3,1
78.45,20.47,4.94,0.56,150.26,3,1
72.38,17.26,2.09,0.26,215.82,3,1
62.81,13.54,2.56,0.36,264.18,3,1
81.93,26.23,0.99,0.13,100.66,3,1
63.57,31.82,2.86,0.31,299.33,3,1
73.44,5.66,2.99,0.34,245.12,3,1
74.06,14.59,3.0,0.39,228.14,0,1
85.55,23.87,0.95,0.09,89.81,1,1
82.38,26.26,1.53,0.16,94.93,0,1
82.17,24.77,1.23,0.16,57.0,0,1
84.81,20.79,2.95,0.39,75.14,0,1
73.8,6.26,3.7,0.39,235.72,0,1
83.31,19.41,4.83,0.47,176.74,0,1
81.59,21.82,1.3,0.1,59.52,0,1
83.43,28.36,1.1,0.15,88.05,0,1
75.27,31.81,4.19,0.42,239.59,2,1
71.77,33.4,5.05,0.56,292.74,0,1
66.54,29.07,2.86,0.39,83.2,3,1
56.35,18.0,4.24,0.5,169.52,3,1
49.83,40.62,3.47,0.35,154.3,3,1
55.84,27.83,3.33,0.32,331.12,3,1
52.49,35.7,3.24,0.39,320.13,3,1
41.63,28.11,3.43,0.4,333.12,3,1
63.11,23.08,3.65,0.38,35.13,3,1
53.42,16.28,4.11,0.48,265.24,3,1
53.13,14.32,0.87,0.11,51.03,3,1
64.19,19.19,2.69,0.31,31.78,3,1
61.55,23.99,1.49,0.11,14.63,3,1
53.29,35.94,5.32,0.52,312.34,0,1
65.91,23.96,1.39,0.11,70.02,1,1
62.67,24.68,1.18,0.14,78.48,0,1
62.36,23.79,0.9,0.05,18.64,0,1
54.0,42.24,4.8,0.49,202.81,2,1
64.87,19.31,1.66,0.19,29.78,0,1
66.98,15.62,5.37,0.61,187.26,0,1
63.42,22.13,2.61,0.28,34.39,0,1
65.99,27.87,2.48,0.34,88.52,0,1
56.72,15.9,2.19,0.28,272.34,0,1
52.86,15.78,4.89,0.56,268.79,0,1
61.12,24.6,4.26,0.57,183.28,3,2
47.84,25.35,3.84,0.41,181.37,3,2
51.92,12.0,6.62,0.73,174.8,3,2
58.1,23.33,4.89,0.55,178.1,3,2
33.99,7.04,4.16,0.47,231.34,3,2
44.28,23.01,2.74,0.37,191.63,3,2
36.31,27.09,2.92,0.36,167.63,3,2
53.35,25.83,3.61,0.42,199.36,3,2
49.1,45.88,2.54,0.33,221.36,3,2
45.53,40.79,0.83,0.08,3.88,3,2
62.07,25.35,5.72,0.62,197.11,3,2
52.63,11.28,5.89,0.63,178.77,2,2
61.19,23.44,4.77,0.48,192.55,1,2
58.78,26.65,1.46,0.1,204.34,0,2
55.34,26.88,1.27,0.14,269.35,0,2
46.48,40.8,1.19,0.11,22.11,0,2
64.19,28.55,2.71,0.31,224.93,0,2
32.82,5.36,5.41,0.56,257.24,0,2
57.43,25.5,0.87,0.12,157.21,0,2
57.33,30.2,1.27,0.17,172.19,0,2
45.16,22.63,3.41,0.36,181.81,0,2
50.44,44.28,2.69,0.31,212.26,0,2
30.46,31.86,3.09,0.32,192.75,3,2
39.73,28.43,4.69,0.55,22.72,3,2
23.5,20.31,2.16,0.2,305.24,3,2
27.56,19.3,6.99,0.75,352.95,3,2
36.0,25.78,2.64,0.33,124.62,3,2
29.05,40.21,4.06,0.45,344.96,3,2
25.09,13.3,1.81,0.27,212.88,3,2
24.23,19.15,3.76,0.36,2.7,3,2
31.11,32.06,0.5,0.03,285.48,3,2
27.01,43.76,4.29,0.46,16.23,3,2
16.55,44.95,5.48,0.53,299.66,3,2
28.23,19.53,6.64,0.71,349.05,0,2
37.52,29.05,0.29,0.08,234.9,1,2
32.89,31.34,0.61,0.08,122.57,0,2
35.38,27.34,1.85,0.24,122.76,0,2
17.44,46.05,7.63,0.8,290.23,0,2
39.0,27.86,3.88,0.46,43.89,0,2
35.27,43.63,4.41,0.49,349.38,0,2
36.66,26.89,1.97,0.25,103.46,0,2
32.78,32.85,0.68,0.05,178.75,0,2
26.31,12.96,1.36,0.15,249.72,0,2
24.24,20.79,3.68,0.37,307.83,2,2
28.91,30.09,1.71,0.25,268.81,3,1
27.29,31.87,2.88,0.3,250.69,3,1
29.57,29.42,1.59,0.21,292.02,3,1
44.06,40.09,8.04,0.82,100.08,3,1
42.88,18.24,6.77,0.74,92.45,3,1
29.43,27.92,1.98,0.24,256.91,3,1
27.46,26.49,2.42,0.25,308.6,3,1
29.19,41.41,5.79,0.6,7.99,2,1
25.43,29.72,2.03,0.2,265.95,1,1
39.16,43.11,7.57,0.8,55.66,3,1
36.1,27.87,6.21,0.71,16.84,3,1
41.37,27.59,2.93,0.32,43.67,0,1
28.02,25.88,2.87,0.3,318.16,0,1
41.18,34.76,4.24,0.41,10.76,0,1
46.9,43.01,3.77,0.47,91.77,0,1
54.79,25.78,4.19,0.45,45.34,0,1
40.54,17.35,2.45,0.3,92.13,0,1
38.62,42.12,4.09,0.43,357.31,0,1
29.67,30.19,1.67,0.22,287.44,0,1
45.25,17.18,3.5,0.3,75.84,0,1
26.65,32.78,3.84,0.39,244.05,0,1
30.67,30.22,2.57,0.25,320.25,0,1
28.24,31.95,2.27,0.23,278.93,3,2
26.47,33.36,2.43,0.32,259.39,3,2
28.29,30.48,1.86,0.24,268.26,3,2
36.59,16.45,6.35,0.7,92.58,3,2
37.09,47.16,5.04,0.61,84.15,2,2
27.62,27.14,2.36,0.34,280.36,3,2
25.92,25.83,2.55,0.32,294.63,3,2
34.84,6.77,4.78,0.6,101.41,3,2
25.46,30.21,0.89,0.1,292.2,1,2
35.85,26.62,3.58,0.43,69.64,3,2
36.06,38.49,5.55,0.6,80.42,3,2
39.77,28.0,2.31,0.22,32.76,0,2
26.33,24.65,3.85,0.45,315.94,0,2
37.25,20.59,1.74,0.18,63.81,0,2
41.14,46.4,0.51,0.08,3.91,0,2
51.57,36.42,2.97,0.34,56.74,0,2
37.69,37.68,3.26,0.29,24.83,0,2
46.18,16.16,1.75,0.2,98.84,0,2
28.31,27.01,2.57,0.29,301.75,0,2
36.43,7.41,3.38,0.34,83.16,0,2
26.9,34.22,3.17,0.38,250.13,0,2
29.09,30.71,2.14,0.3,244.13,0,2
23.96,33.41,2.31,0.28,284.75,3,2
22.99,33.43,2.7,0.34,303.98,3,2
27.38,31.5,1.0,0.13,60.3,3,2
47.31,12.56,7.54,0.76,114.58,3,2
48.57,34.92,8.33,0.88,109.97,3,2
25.44,29.95,1.85,0.23,250.8,3,2
22.97,28.77,1.67,0.17,283.5,3,2
29.48,24.21,2.6,0.26,168.69,2,2
21.41,29.79,1.98,0.16,249.97,1,2
37.11,36.4,2.6,0.27,20.25,3,2
46.66,39.4,4.95,0.51,129.33,3,2
22.63,28.17,2.34,0.21,284.07,0,2
48.76,31.76,4.04,0.42,85.48,0,2
38.43,23.87,3.42,0.39,244.14,0,2
22.96,34.51,3.42,0.4,300.06,0,2
44.7,45.02,2.57,0.28,124.91,0,2
58.68,37.59,2.99,0.34,96.25,0,2
37.45,38.24,0.7,0.13,217.52,0,2
54.7,16.73,3.73,0.34,104.67,0,2
27.75,32.06,0.84,0.07,69.4,0,2
25.58,28.72,3.29,0.37,234.98,0,2
46.22,12.24,5.05,0.51,109.51,0,2
82.75,16.62,3.28,0.38,241.55,3,1
85.26,31.63,1.22,0.11,272.44,3,1
78.44,45.42,5.86,0.62,284.02,3,1
89.89,28.52,2.5,0.28,117.97,3,1
81.97,26.7,4.81,0.52,256.79,3,1
73.93,9.73,5.92,0.63,270.41,3,1
68.88,38.74,4.23,0.45,260.25,3,1
69.74,17.29,5.81,0.57,244.24,3,1
88.6,34.49,1.59,0.31,45.93,3,1
89.45,32.13,2.28,0.22,83.11,3,1
90.95,24.98,1.25,0.22,85.11,3,1
78.19,46.12,7.14,0.75,277.09,0,1
93.57,30.07,0.82,0.04,94.27,1,1
90.05,31.55,1.47,0.16,78.63,0,1
89.34,30.65,0.77,0.06,41.32,0,1
90.95,25.85,1.31,0.2,75.16,0,1
79.2,9.02,6.64,0.73,263.74,0,1
75.6,14.37,8.92,0.9,252.83,0,1
81.54,24.21,7.08,0.72,255.27,2,1
89.8,30.66,2.17,0.16,247.8,0,1
90.21,29.42,1.83,0.16,103.91,0,1
89.63,34.02,1.36,0.24,54.34,0,1
61.64,26.26,0.83,0.1,209.39,3,1
64.57,22.38,1.64,0.16,346.22,3,1
45.35,24.3,5.13,0.59,259.8,3,1
42.53,41.78,3.56,0.35,320.12,3,1
67.86,20.52,4.59,0.54,72.16,3,1
50.97,13.39,3.34,0.33,252.83,3,1
50.96,40.97,3.93,0.38,313.82,3,1
43.67,32.35,2.6,0.21,347.74,3,1
67.17,27.31,4.68,0.45,88.73,3,1
38.78,24.86,5.36,0.47,292.09,3,1
41.14,8.59,3.77,0.38,223.64,3,1
46.86,42.31,6.65,0.74,310.42,2,1
69.45,24.56,0.6,0.11,10.2,1,1
66.53,27.01,3.14,0.4,78.65,0,1
64.59,24.73,0.4,0.06,353.01,0,1
67.29,21.02,3.17,0.34,79.18,0,1
44.35,9.4,6.18,0.68,233.27,0,1
56.46,14.46,2.43,0.21,241.67,0,1
65.45,22.39,0.64,0.05,358.16,0,1
62.91,26.88,1.06,0.11,194.51,0,1
44.21,29.81,8.59,0.88,263.78,0,1
52.91,35.66,3.12,0.27,296.55,0,1
36.3,31.07,2.44,0.21,284.79,3,1
34.89,32.9,2.94,0.33,257.45,3,1
38.22,30.05,0.54,0.04,20.06,3,1
42.9,32.52,4.94,0.6,139.92,3,1
43.1,45.71,2.9,0.31,71.38,2,1
36.62,27.26,2.13,0.2,270.17,3,1
35.53,25.23,2.96,0.3,281.74,3,1
35.97,32.45,4.6,0.52,51.57,3,1
34.85,29.4,1.27,0.13,274.27,1,1
41.08,17.27,6.19,0.69,154.74,3,1
44.07,21.85,2.7,0.33,112.8,3,1
38.32,29.99,0.22,0.09,87.82,0,1
48.01,31.42,3.24,0.32,63.2,0,1
45.93,25.12,1.64,0.22,98.26,0,1
48.84,45.04,1.12,0.2,64.3,0,1
56.85,31.92,2.58,0.27,19.14,0,1
44.57,18.01,4.17,0.4,149.51,0,1
35.25,24.76,4.19,0.42,300.0,0,1
46.04,37.1,3.48,0.4,13.25,0,1
36.81,26.14,2.13,0.29,243.74,0,1
48.56,17.64,1.97,0.23,79.77,0,1
34.77,34.02,3.83,0.39,255.97,0,1
46.49,33.27,1.41,0.19,278.51,3,1
47.23,35.25,0.34,0.02,277.86,3,1
47.17,31.44,0.73,0.07,221.78,3,1
51.07,14.5,6.1,0.66,159.22,3,1
57.11,38.99,2.71,0.28,91.27,3,1
58.4,13.34,5.93,0.63,39.89,2,1
45.18,29.75,2.65,0.3,284.86,3,1
45.15,23.17,1.37,0.21,252.64,3,1
44.7,28.02,1.29,0.19,233.65,3,1
44.18,29.75,2.03,0.2,291.64,1,1
55.02,31.81,2.78,0.27,136.45,3,1
48.02,31.23,2.0,0.23,173.62,0,1
45.26,27.78,2.82,0.32,266.76,0,1
57.35,29.42,3.03,0.32,154.49,0,1
58.26,40.25,4.06,0.46,106.39,0,1
73.24,22.47,3.63,0.53,148.17,0,1
55.57,15.54,4.94,0.58,181.94,0,1
52.62,37.6,3.21,0.38,90.35,0,1
46.6,22.49,0.83,0.1,37.98,0,1
46.93,34.14,1.17,0.15,286.22,0,1
61.97,11.23,4.39,0.42,37.66,0,1
45.99,29.09,3.01,0.3,274.06,0,1
78.8,28.28,3.31,0.35,157.08,3,2
78.09,31.95,1.46,0.16,150.23,3,2
75.98,27.71,2.62,0.33,182.57,3,2
84.7,38.11,1.35,0.15,186.53,3,2
87.87,4.25,4.06,0.42,154.34,3,2
85.83,50.2,0.52,0.06,50.08,3,2
73.43,31.45,1.34,0.21,137.09,3,2
74.9,32.43,0.74,0.12,328.92,3,2
72.58,23.44,4.16,0.49,187.29,3,2
69.87,19.69,6.36,0.66,187.64,1,2
85.13,10.55,7.02,0.71,182.43,2,2
79.26,25.93,5.39,0.59,169.82,0,2
86.32,24.37,6.92,0.74,193.71,0,2
76.18,22.45,6.76,0.71,184.89,0,2
85.98,12.59,7.48,0.77,191.61,0,2
91.32,47.91,2.43,0.28,88.52,0,2
101.67,21.63,6.99,0.74,168.22,0,2
72.16,21.43,5.69,0.62,187.33,0,2
70.12,34.34,2.71,0.28,270.13,0,2
87.63,38.55,1.2,0.15,179.5,0,2
72.92,29.91,2.91,0.31,181.66,0,2
89.02,4.16,4.49,0.53,157.58,0,2
74.14,31.06,2.51,0.32,233.73,3,1
73.44,32.59,2.18,0.27,226.92,3,1
75.07,28.8,1.64,0.24,264.95,3,1
86.17,42.02,4.71,0.49,48.05,3,1
87.63,6.71,6.45,0.71,102.12,3,1
74.23,28.52,2.1,0.28,296.7,3,1
73.42,27.13,1.96,0.21,302.43,3,1
75.52,30.73,1.77,0.12,342.12,3,1
72.71,29.53,1.08,0.13,273.16,1,1
83.94,39.85,2.45,0.33,38.34,3,1
84.15,19.32,4.83,0.51,54.93,2,1
75.07,27.51,2.49,0.27,269.45,0,1
86.68,29.81,2.82,0.3,161.24,0,1
81.88,28.82,0.19,0.05,354.34,0,1
75.04,30.62,3.69,0.45,214.19,0,1
87.47,42.92,3.97,0.43,54.15,0,1
97.77,25.85,0.7,0.09,212.1,0,1
84.56,18.6,1.96,0.28,52.08,0,1
84.79,39.65,3.23,0.45,38.86,0,1
74.21,27.59,2.41,0.23,303.41,0,1
74.27,32.33,2.29,0.34,222.26,0,1
86.91,8.55,5.9,0.62,99.97,0,1
89.45,31.57,0.91,0.14,249.97,3,1
89.21,32.55,0.65,0.06,243.69,3,1
90.24,31.06,0.74,0.13,230.66,3,1
98.06,13.12,5.53,0.58,50.44,2,1
102.18,42.55,5.69,0.61,135.07,3,1
89.6,29.22,1.56,0.23,269.92,3,1
87.16,24.91,2.29,0.27,301.01,3,1
92.48,15.1,6.72,0.72,162.14,3,1
86.83,29.66,0.5,0.07,242.88,1,1
97.09,28.25,3.11,0.37,30.65,3,1
95.87,47.53,5.52,0.63,11.91,3,1
87.23,24.09,1.96,0.21,301.29,0,1
100.88,32.57,1.53,0.14,116.43,0,1
98.39,25.51,2.44,0.2,143.98,0,1
89.83,32.72,0.66,0.08,248.89,0,1
105.26,44.3,4.04,0.4,154.87,0,1
108.8,24.9,3.49,0.33,189.52,0,1
100.03,45.6,3.87,0.45,6.46,0,1
96.13,14.08,4.13,0.42,177.41,0,1
90.28,28.64,2.7,0.29,265.13,0,1
90.65,31.89,0.6,0.08,199.32,0,1
98.16,11.52,4.4,0.47,53.58,0,1
74.7,27.98,1.4,0.1,162.75,3,1
79.06,20.68,5.13,0.55,43.17,3,1
61.94,29.06,1.31,0.16,255.64,3,1
56.89,42.16,2.85,0.33,240.96,3,1
74.63,26.72,1.88,0.26,68.02,3,1
63.79,22.14,0.87,0.02,128.29,3,1
62.35,38.77,0.91,0.2,305.72,3,1
62.6,12.8,1.53,0.18,147.85,3,1
75.51,22.58,2.61,0.27,63.39,3,1
51.38,26.67,2.31,0.26,212.19,3,1
57.0,7.61,4.88,0.5,249.95,3,1
68.15,28.3,6.06,0.65,190.89,2,1
78.47,23.76,1.19,0.1,79.59,1,1
75.13,25.66,1.94,0.23,73.59,0,1
74.34,25.09,1.11,0.19,77.37,0,1
78.29,20.99,3.87,0.46,61.54,0,1
59.97,7.45,8.38,0.82,256.6,0,1
75.76,23.09,2.08,0.17,53.46,0,1
75.58,27.75,0.68,0.08,71.61,0,1
65.88,40.95,3.79,0.4,211.4,0,1
62.68,27.23,5.74,0.6,228.71,0,1
76.13,13.9,5.0,0.56,195.06,0,1
71.33,24.2,3.05,0.31,144.56,3,1
77.56,22.93,3.87,0.49,32.75,3,1
58.65,30.37,0.89,0.08,236.21,3,1
51.48,42.72,4.11,0.47,254.2,3,1
70.12,25.49,2.0,0.18,206.7,3,1
57.61,19.85,2.57,0.29,234.69,3,1
60.33,42.01,3.01,0.38,331.5,3,1
49.98,33.23,2.65,0.31,280.02,3,1
73.83,21.25,1.05,0.18,35.01,3,1
46.62,17.48,4.49,0.44,282.21,3,1
57.07,11.52,3.12,0.42,231.36,3,1
63.09,46.84,2.36,0.23,322.23,0,1
75.53,24.04,0.71,0.09,341.47,1,1
72.54,24.52,1.34,0.11,123.64,0,1
73.56,22.0,0.82,0.15,80.57,0,1
77.48,21.83,3.15,0.37,52.9,0,1
55.84,17.23,5.55,0.63,320.8,0,1
74.54,21.41,0.59,0.06,50.66,0,1
72.09,26.37,2.27,0.26,130.71,0,1
63.15,27.26,1.09,0.09,228.52,0,1
57.06,37.15,6.64,0.7,283.7,0,1
65.74,21.39,5.05,0.54,211.28,2,1
29.15,32.71,3.1,0.37,275.68,3,1
29.96,30.11,2.29,0.29,170.12,3,1
29.28,27.76,0.25,0.04,205.25,3,1
39.54,16.69,2.96,0.34,7.21,2,1
50.58,35.51,6.1,0.68,150.59,3,1
27.92,27.96,1.03,0.19,344.76,3,1
26.35,26.73,2.79,0.31,279.53,3,1
31.56,44.75,4.17,0.48,24.76,3,1
24.43,29.09,1.96,0.18,293.12,1,1
40.44,32.57,1.14,0.12,353.82,3,1
48.85,12.77,6.57,0.7,152.18,3,1
28.08,32.82,3.95,0.51,254.49,0,1
47.92,26.86,0.77,0.11,218.4,0,1
42.24,34.07,2.55,0.3,206.72,0,1
41.66,45.08,0.63,0.0,169.44,0,1
60.15,35.83,4.4,0.48,162.48,0,1
42.4,22.28,0.72,0.22,316.01,0,1
55.86,13.84,4.25,0.5,178.73,0,1
24.89,27.05,4.18,0.48,304.86,0,1
25.87,28.65,3.6,0.39,294.1,0,1
42.91,13.69,1.58,0.19,61.2,0,1
30.32,29.38,3.26,0.29,172.92,0,1
41.74,32.11,2.69,0.34,234.26,3,1
40.67,32.08,0.89,0.12,253.89,3,1
43.24,26.99,3.65,0.41,286.66,3,1
62.2,26.81,7.82,0.79,42.33,3,1
64.08,41.17,8.78,0.9,80.74,2,1
44.59,28.82,2.22,0.29,274.44,3,1
43.62,28.31,2.47,0.31,267.86,3,1
49.33,31.44,3.32,0.38,42.38,3,1
46.62,30.94,2.04,0.25,210.51,3,1
41.26,28.86,0.52,0.09,195.86,1,1
45.03,26.46,2.86,0.35,259.04,3,1
46.05,30.48,1.43,0.24,265.26,0,1
54.9,33.19,3.09,0.28,32.99,0,1
41.73,30.71,3.23,0.44,204.01,0,1
50.34,28.14,1.26,0.07,47.9,0,1
62.69,42.08,7.68,0.78,82.13,0,1
73.03,30.73,5.43,0.54,49.98,0,1
42.74,26.78,5.55,0.61,307.48,0,1
44.44,25.55,3.39,0.39,260.11,0,1
41.09,32.82,0.51,0.08,206.52,0,1
43.74,27.62,2.93,0.36,260.97,0,1
63.73,23.84,6.28,0.63,42.34,0,1
94.16,29.5,0.54,0.1,1.08,3,1
90.0,30.48,1.21,0.18,243.31,3,1
106.18,49.74,6.12,0.67,80.42,3,1
92.79,26.42,1.56,0.23,255.24,3,1
91.3,24.47,1.72,0.2,298.56,3,1
94.62,28.22,1.12,0.1,355.5,3,1
89.32,28.85,1.13,0.08,269.45,1,1
102.11,41.53,5.21,0.58,10.92,2,1
98.9,28.98,6.69,0.78,11.63,3,1
104.0,27.47,6.65,0.67,58.86,3,1
101.6,11.81,4.08,0.46,22.04,3,1
95.43,29.5,2.69,0.29,346.29,0,1
102.18,29.0,3.63,0.36,9.72,0,1
104.98,31.97,2.86,0.24,94.67,0,1
108.18,48.42,1.95,0.24,34.23,0,1
112.07,24.67,3.5,0.32,16.97,0,1
102.72,18.36,1.7,0.14,49.46,0,1
104.83,40.39,3.95,0.36,353.43,0,1
91.74,23.64,2.08,0.3,301.03,0,1
102.06,32.75,3.42,0.32,37.37,0,1
105.08,11.38,2.33,0.54,339.58,0,1
90.22,31.23,1.15,0.12,234.63,0,1
100.22,25.35,2.57,0.29,276.51,3,1
97.34,26.79,2.14,0.18,234.99,3,1
111.45,20.92,3.91,0.47,53.38,3,1
112.72,36.06,5.11,0.5,40.22,3,1
99.92,22.53,0.28,0.07,248.73,3,1
97.1,21.12,3.02,0.35,296.73,3,1
106.11,7.62,7.08,0.78,142.33,3,1
100.74,23.59,1.26,0.19,222.47,3,1
96.2,23.28,0.55,0.04,255.07,1,1
111.2,22.49,5.04,0.54,26.07,3,1
106.69,19.85,7.03,0.82,172.73,2,1
111.87,25.12,2.41,0.3,110.88,0,1
109.76,17.73,2.89,0.32,210.2,0,1
112.55,13.73,1.09,0.17,198.95,0,1
115.58,24.97,1.3,0.21,44.54,0,1
111.35,35.62,1.69,0.24,80.77,0,1
107.86,8.64,0.99,0.22,149.38,0,1
96.47,20.61,3.93,0.48,306.35,0,1
109.81,20.63,1.99,0.16,134.37,0,1
112.4,35.48,3.92,0.42,33.73,0,1
97.8,27.53,2.2,0.21,232.27,0,1
101.62,22.84,1.64,0.22,205.91,0,1
87.96,29.46,1.22,0.22,89.2,3,0
85.47,20.28,4.14,0.45,250.66,3,0
79.78,23.23,3.52,0.37,245.31,3,0
66.47,6.26,5.58,0.68,251.28,3,0
88.74,26.3,2.48,0.28,113.41,3,0
85.51,24.81,2.01,0.22,136.92,3,0
81.55,30.38,3.24,0.36,290.69,3,0
75.23,13.98,5.59,0.58,205.69,3,0
62.87,21.48,5.46,0.53,240.31,3,0
93.55,28.13,4.3,0.49,44.71,3,0
70.35,35.04,3.89,0.41,250.64,3,0
71.43,14.95,7.02,0.71,228.98,2,0
94.72,29.35,2.42,0.2,40.9,1,0
82.48,29.22,2.38,0.29,336.09,0,0
88.86,27.13,1.92,0.15,104.47,0,0
87.87,21.36,1.11,0.16,220.34,0,0
88.83,29.02,1.71,0.23,94.47,0,0
67.64,5.23,9.45,0.96,257.68,0,0
81.69,18.13,6.4,0.64,193.91,0,0
86.04,28.79,2.82,0.31,287.24,0,0
91.49,27.54,1.36,0.05,46.13,0,0
84.62,25.63,1.34,0.14,173.66,0,0
33.84,30.8,2.22,0.21,41.29,3,2
30.57,26.5,3.62,0.44,1.36,3,2
24.4,34.33,0.92,0.1,236.86,3,2
33.26,25.68,2.56,0.34,3.26,3,2
32.38,28.78,2.81,0.29,354.69,3,2
30.44,29.15,2.58,0.36,18.33,3,2
24.49,15.74,2.57,0.28,357.31,3,2
22.6,23.89,3.28,0.33,114.26,3,2
34.41,24.28,2.97,0.34,47.3,3,2
29.21,31.58,2.22,0.3,51.95,3,2
34.63,19.97,3.74,0.5,34.49,3,2
32.51,33.46,1.84,0.27,267.85,0,2
36.14,24.4,2.0,0.16,74.0,1,2
33.22,28.49,3.74,0.42,340.9,0,2
32.15,27.36,4.04,0.39,334.85,0,2
31.12,17.27,4.07,0.53,317.61,2,2
34.81,24.61,2.34,0.38,6.4,0,2
34.59,30.48,2.27,0.24,17.61,0,2
35.16,29.81,2.83,0.32,330.2,0,2
38.89,26.82,3.85,0.45,339.47,0,2
34.53,25.76,3.9,0.46,354.72,0,2
32.88,29.32,3.14,0.35,343.15,0,2
35.89,30.97,3.21,0.34,205.62,3,1
25.08,40.89,4.87,0.54,342.63,3,1
28.23,19.26,6.22,0.63,353.25,3,1
36.7,26.93,2.64,0.27,145.65,3,1
28.68,44.8,2.23,0.2,222.06,3,1
28.82,13.85,0.72,0.2,200.83,3,1
30.31,21.55,4.87,0.52,11.79,3,1
36.8,30.53,1.42,0.21,60.43,3,1
20.98,31.58,2.99,0.26,214.13,3,1
23.59,20.69,2.53,0.16,294.55,3,1
41.04,24.58,1.13,0.19,64.83,3,1
31.77,20.72,6.44,0.72,356.46,0,1
40.5,29.14,0.54,0.05,149.11,1,1
37.94,29.96,1.15,0.19,91.65,0,1
37.26,29.4,0.73,0.09,87.52,0,1
23.87,22.7,5.13,0.54,283.99,2,1
40.91,25.49,1.63,0.24,88.72,0,1
35.01,46.02,0.12,0.02,9.28,0,1
37.33,27.34,1.81,0.19,132.27,0,1
37.55,31.83,0.65,0.1,175.37,0,1
30.3,13.41,0.75,0.07,316.54,0,1
26.16,41.35,5.83,0.64,337.97,0,1
34.4,30.04,1.18,0.13,320.33,3,1
33.33,32.7,0.89,0.12,342.2,3,1
44.47,31.07,2.64,0.31,141.48,3,1
52.19,47.33,5.84,0.64,81.98,3,1
34.59,27.21,0.99,0.09,273.29,3,1
31.94,26.52,1.93,0.14,294.08,3,1
40.05,33.75,2.57,0.3,40.91,2,1
35.76,28.0,0.08,0.01,194.56,3,1
32.45,29.68,1.47,0.18,284.96,1,1
42.17,10.02,5.45,0.61,173.51,3,1
44.39,19.0,0.97,0.18,158.33,3,1
36.42,26.97,0.75,0.05,61.66,0,1
50.23,26.05,0.66,0.1,68.58,0,1
45.0,19.1,1.12,0.15,155.66,0,1
31.3,26.25,3.1,0.32,316.14,0,1
50.99,45.39,1.21,0.27,92.77,0,1
60.51,37.01,3.73,0.41,57.42,0,1
43.53,35.26,1.31,0.22,281.83,0,1
57.05,16.65,1.91,0.25,96.34,0,1
45.14,11.15,3.04,0.37,170.12,0,1
33.82,32.51,0.22,0.03,90.14,0,1
35.1,30.67,1.72,0.22,326.8,0,1
37.45,30.44,0.81,0.1,90.77,3,1
33.58,31.6,1.99,0.2,224.64,3,1
44.42,27.3,5.1,0.49,17.45,3,1
51.1,38.5,5.35,0.54,45.42,2,1
34.58,26.92,0.91,0.14,253.85,3,1
32.09,27.08,2.94,0.4,283.71,3,1
40.21,27.97,2.88,0.33,125.92,3,1
35.72,27.32,1.0,0.12,261.13,3,1
32.67,30.1,1.05,0.06,314.22,1,1
46.25,20.27,5.65,0.63,87.98,3,1
51.33,44.58,7.91,0.82,71.01,3,1
34.29,32.32,2.05,0.24,212.73,0,1
47.43,33.89,4.1,0.41,21.66,0,1
45.95,23.46,0.89,0.16,147.28,0,1
33.25,27.24,3.52,0.42,328.81,0,1
53.8,44.73,5.53,0.59,66.74,0,1
63.02,31.52,4.43,0.47,44.46,0,1
51.58,37.81,4.1,0.44,47.74,0,1
44.73,20.69,4.75,0.55,102.35,0,1
35.39,26.45,0.64,0.1,231.52,0,1
45.02,27.06,4.8,0.5,26.15,0,1
38.04,30.54,1.28,0.12,66.26,0,1
50.02,36.87,1.49,0.17,279.3,3,1
56.15,40.42,0.94,0.15,177.95,3,1
64.48,22.95,8.62,0.88,173.12,2,1
73.45,6.13,4.79,0.55,110.02,3,1
50.19,33.97,1.02,0.13,243.42,3,1
54.41,36.28,0.4,0.05,33.78,3,1
51.36,47.29,4.86,0.52,11.13,3,1
52.58,37.63,0.08,0.03,46.48,3,1
47.68,20.34,6.07,0.63,166.11,1,1
57.24,26.91,4.25,0.47,161.32,3,1
55.48,37.23,3.21,0.37,139.41,3,1
53.14,34.77,2.16,0.27,137.15,0,1
53.38,46.42,4.75,0.51,355.62,0,1
56.5,37.24,3.95,0.44,143.68,0,1
61.94,38.9,4.91,0.54,75.8,0,1
66.75,32.94,7.01,0.69,166.67,0,1
72.99,19.94,7.03,0.74,217.16,0,1
55.66,46.19,2.03,0.23,32.89,0,1
58.8,22.02,3.75,0.4,147.39,0,1
57.36,30.69,3.62,0.4,158.23,0,1
47.68,38.89,3.13,0.37,252.78,0,1
73.71,7.29,5.21,0.65,102.11,0,1
109.32,25.56,0.9,0.15,331.31,3,4
108.83,26.86,0.77,0.01,259.85,3,4
109.91,21.45,2.26,0.31,87.29,3,4
108.76,36.57,3.75,0.58,153.41,2,4
110.13,22.9,0.69,0.06,47.15,3,4
110.85,22.73,2.72,0.27,34.5,3,4
106.1,23.0,2.59,0.38,94.84,3,4
109.13,24.26,0.64,0.05,351.34,3,4
106.6,24.37,2.24,0.18,294.41,1,4
109.11,21.13,1.46,0.13,13.4,3,4
110.68,35.67,3.64,0.45,123.95,3,4
109.78,24.42,0.65,0.1,321.34,0,4
109.51,26.35,2.03,0.2,321.86,0,4
109.99,23.41,2.75,0.32,277.25,0,4
111.54,37.09,3.32,0.33,188.9,0,4
114.9,26.65,2.32,0.2,334.64,0,4
111.18,36.15,2.51,0.31,150.82,0,4
109.71,21.27,1.71,0.22,345.99,0,4
110.61,23.63,1.03,0.2,340.31,0,4
108.95,20.14,3.01,0.39,323.44,0,4
109.05,27.56,1.88,0.21,256.1,0,4
111.76,20.67,1.18,0.15,19.38,0,4
80.32,36.2,1.91,0.21,277.19,3,1
67.98,35.14,6.15,0.63,249.08,3,1
76.69,23.08,5.25,0.56,237.92,3,1
63.21,15.43,8.65,0.88,282.58,3,1
71.31,23.47,6.67,0.71,186.88,3,1
63.73,21.34,7.63,0.77,267.96,3,1
89.11,27.89,1.5,0.25,139.03,3,1
89.46,29.4,1.35,0.12,138.48,3,1
90.89,19.92,2.6,0.26,92.78,3,1
90.62,24.32,2.38,0.22,81.06,3,1
81.96,16.28,4.34,0.53,199.26,3,1
74.92,23.77,8.53,0.88,203.52,0,1
93.28,25.87,0.1,0.11,161.49,1,1
89.49,27.2,1.17,0.18,86.58,0,1
90.98,24.87,2.2,0.27,86.76,0,1
91.15,21.24,2.1,0.25,81.9,0,1
90.49,29.06,1.43,0.14,128.17,0,1
89.92,30.13,1.43,0.17,138.32,0,1
65.4,18.03,9.81,0.99,279.37,2,1
83.02,16.09,6.32,0.67,202.83,0,1
90.39,21.39,2.65,0.26,99.58,0,1
89.55,28.56,1.28,0.21,129.26,0,1
89.66,24.35,3.87,0.37,348.35,3,1
83.95,26.77,4.76,0.56,237.05,3,1
90.33,22.08,3.04,0.38,277.71,3,1
100.4,14.89,4.17,0.43,34.89,3,1
87.5,25.85,2.96,0.29,287.27,3,1
96.23,35.29,6.36,0.66,18.83,3,1
94.85,26.68,3.74,0.45,170.96,3,1
102.97,19.86,0.84,0.07,51.92,3,1
88.0,20.86,2.28,0.3,334.23,3,1
85.05,23.22,4.55,0.53,329.96,3,1
101.02,32.87,2.81,0.23,19.6,3,1
100.71,16.13,5.73,0.59,48.53,0,1
84.6,24.69,2.55,0.26,318.06,1,1
88.95,23.4,2.34,0.26,337.81,0,1
87.46,25.05,2.58,0.31,292.38,0,1
84.45,27.19,3.57,0.42,249.29,0,1
100.41,33.53,5.2,0.54,37.86,0,1
93.76,36.95,6.88,0.69,19.11,2,1
86.44,26.97,2.69,0.32,280.51,0,1
87.15,20.76,1.43,0.16,303.32,0,1
94.27,26.28,4.33,0.48,167.42,0,1
87.67,22.8,0.94,0.14,273.3,0,1
91.1,25.92,4.82,0.52,275.71,3,1
95.88,42.16,4.48,0.52,333.65,3,1
99.96,29.59,1.86,0.22,127.77,3,1
109.92,21.61,4.19,0.5,89.22,3,1
93.14,31.57,2.33,0.32,234.34,3,1
95.69,38.17,3.88,0.49,349.79,3,1
97.92,37.1,2.24,0.21,174.6,3,1
99.63,33.8,1.17,0.19,114.38,3,1
92.17,30.86,2.59,0.34,256.84,3,1
103.53,23.39,5.52,0.56,208.77,3,1
107.44,31.39,7.52,0.75,166.97,3,1
107.94,24.26,6.07,0.69,91.67,0,1
87.93,29.3,4.16,0.43,239.98,1,1
95.12,34.46,0.83,0.06,312.59,0,1
93.9,34.69,1.23,0.13,356.91,0,1
95.97,40.84,3.71,0.39,346.87,0,1
105.75,29.67,7.87,0.85,152.03,0,1
92.7,38.61,3.81,0.41,16.58,0,1
94.97,37.6,3.06,0.34,339.75,0,1
93.94,32.17,1.67,0.24,302.34,0,1
96.21,23.4,6.65,0.69,168.97,2,1
99.08,29.21,1.49,0.13,122.32,0,1
111.41,24.18,4.77,0.47,20.57,3,4
109.19,30.14,2.29,0.29,27.28,3,4
107.59,21.03,1.01,0.09,217.47,3,4
101.07,23.21,6.73,0.74,249.0,3,4
101.98,26.37,3.49,0.39,211.24,3,4
107.33,25.54,2.59,0.32,297.28,3,4
100.43,20.05,4.64,0.48,291.38,3,4
108.2,31.11,4.63,0.46,16.85,3,4
110.7,24.13,2.53,0.25,154.58,3,4
114.63,24.96,6.94,0.73,160.09,3,4
108.41,20.87,2.55,0.21,200.87,3,4
99.26,23.01,3.99,0.41,257.45,1,4
107.23,21.28,0.82,0.07,219.86,0,4
107.42,21.95,0.92,0.1,189.42,0,4
107.23,24.58,1.54,0.19,330.56,0,4
108.06,35.86,6.31,0.7,22.5,0,4
113.26,22.07,6.64,0.68,160.99,2,4
104.55,29.94,1.64,0.22,332.59,0,4
111.89,25.22,4.83,0.52,27.7,0,4
108.76,21.64,2.25,0.31,187.76,0,4
101.69,19.86,3.24,0.37,272.2,0,4
115.85,23.53,7.06,0.75,156.69,0,4
65.96,26.88,2.27,0.23,88.96,3,1
67.27,27.89,3.28,0.37,81.67,3,1
36.8,19.31,9.03,0.93,277.57,3,1
40.43,13.24,6.79,0.74,295.02,3,1
62.62,28.29,2.38,0.25,103.65,3,1
64.97,29.6,1.33,0.15,140.55,3,1
56.22,34.25,3.66,0.38,246.28,2,1
60.74,26.66,2.11,0.28,125.52,3,1
64.99,28.63,0.72,0.06,69.31,1,1
50.47,22.56,6.64,0.76,181.94,3,1
42.3,32.24,7.56,0.78,314.56,3,1
64.79,30.11,1.26,0.14,151.27,0,1
47.62,20.9,3.26,0.48,174.4,0,1
43.93,34.52,4.35,0.53,296.7,0,1
66.59,26.45,1.43,0.2,109.9,0,1
37.9,10.84,5.55,0.64,294.53,0,1
31.93,24.28,5.24,0.57,262.69,0,1
36.71,17.73,7.05,0.76,278.71,0,1
61.15,26.01,2.72,0.31,104.47,0,1
63.48,27.66,2.91,0.31,84.3,0,1
44.1,39.87,1.33,0.09,226.22,0,1
31.72,36.34,2.03,0.31,261.8,0,1
27.32,28.05,1.31,0.17,348.6,3,1
29.98,26.37,1.24,0.12,44.8,3,1
21.35,11.54,6.83,0.72,203.91,3,1
18.49,27.43,2.71,0.22,310.36,2,1
28.33,31.58,1.3,0.14,86.15,3,1
30.09,31.42,1.79,0.22,119.19,3,1
22.88,43.01,6.17,0.68,335.4,3,1
26.93,27.08,0.18,0.04,76.57,3,1
30.32,29.32,0.62,0.02,123.58,1,1
17.5,36.75,2.01,0.2,286.01,3,1
17.51,20.68,2.03,0.14,280.47,3,1
29.68,25.63,1.35,0.19,25.64,0,1
20.24,33.49,1.71,0.29,310.72,0,1
18.52,42.62,4.5,0.5,353.28,0,1
30.35,32.15,2.87,0.26,131.75,0,1
13.43,22.36,2.74,0.25,324.32,0,1
10.04,33.3,1.06,0.24,315.97,0,1
20.1,11.94,5.89,0.65,190.79,0,1
26.01,28.04,1.89,0.18,358.81,0,1
27.81,32.28,0.91,0.11,74.68,0,1
18.61,38.1,2.75,0.38,252.47,0,1
16.52,20.72,1.36,0.09,309.8,0,1
51.19,44.03,1.46,0.16,62.28,3,2
53.66,23.2,0.8,0.09,284.2,3,2
65.01,12.16,5.16,0.58,69.51,3,2
40.7,31.45,0.56,0.04,140.03,3,2
37.81,35.52,1.65,0.2,319.25,3,2
51.21,31.84,1.12,0.11,161.86,3,2
52.17,10.3,3.16,0.42,179.33,3,2
38.18,27.51,0.66,0.08,319.05,3,2
68.09,30.64,5.36,0.62,43.29,3,2
61.66,44.21,5.3,0.57,110.25,3,2
38.65,27.72,3.36,0.42,351.84,3,2
63.35,15.03,7.82,0.81,82.68,0,2
37.62,30.14,0.91,0.09,0.49,1,2
37.65,27.6,1.54,0.17,245.68,0,2
39.97,31.13,0.19,0.04,48.02,0,2
37.88,34.67,1.87,0.23,311.51,0,2
50.76,47.46,0.68,0.03,147.89,0,2
50.2,7.28,0.43,0.04,74.85,0,2
49.09,26.23,0.9,0.07,98.8,2,2
38.64,34.89,1.52,0.21,315.71,0,2
37.8,26.33,0.97,0.14,52.72,0,2
59.63,43.42,7.27,0.77,86.24,0,2
49.19,41.01,3.35,0.34,5.67,3,2
41.3,30.47,0.52,0.02,43.76,3,2
60.15,11.07,2.9,0.33,70.45,3,2
41.54,34.09,3.68,0.41,353.51,3,2
38.68,34.41,2.86,0.37,296.63,3,2
52.84,25.96,3.54,0.44,2.69,3,2
50.43,18.72,1.59,0.19,347.48,3,2
35.98,29.35,1.86,0.2,295.59,3,2
64.96,27.69,3.09,0.3,30.5,3,2
57.88,45.94,3.49,0.39,357.09,3,2
39.77,24.55,2.59,0.33,72.0,3,2
36.96,33.35,3.48,0.37,335.9,1,2
36.06,29.86,2.35,0.23,298.43,0,2
40.5,30.35,0.26,0.02,319.15,0,2
56.05,25.17,5.66,0.58,21.04,0,2
39.03,33.32,1.65,0.17,294.04,0,2
50.65,7.01,0.97,0.08,29.86,0,2
48.0,42.19,3.12,0.37,12.12,0,2
40.68,32.38,2.57,0.29,346.75,0,2
38.63,25.25,1.22,0.17,103.19,0,2
49.4,21.62,2.58,0.35,1.35,0,2
56.31,46.03,5.25,0.58,15.44,2,2
40.27,26.18,1.57,0.22,65.95,3,2
53.27,39.75,4.59,0.49,89.1,3,2
33.56,24.77,2.88,0.36,327.37,3,2
57.88,38.62,3.72,0.39,144.74,3,2
42.22,34.46,1.0,0.15,348.09,3,2
38.88,27.91,2.24,0.21,212.07,3,2
56.87,15.16,3.23,0.3,162.09,3,2
69.65,22.67,6.35,0.63,107.61,3,2
36.11,29.5,2.91,0.33,282.24,3,2
53.11,19.32,3.08,0.35,177.55,3,2
66.43,10.46,7.58,0.81,94.46,3,2
59.13,16.5,7.49,0.78,140.75,0,2
34.98,30.46,1.76,0.18,331.77,1,2
38.72,26.59,1.13,0.21,74.1,0,2
37.09,29.6,1.68,0.17,283.14,0,2
42.26,33.56,0.87,0.09,345.5,0,2
66.91,12.55,9.64,1.0,96.09,0,2
40.16,30.83,0.4,0.1,349.26,0,2
38.7,29.07,1.28,0.13,220.57,0,2
34.55,23.97,2.66,0.34,289.15,0,2
49.28,18.4,2.87,0.35,181.65,2,2
41.38,34.04,0.92,0.1,295.68,0,2
102.78,24.55,2.15,0.3,112.86,3,2
102.69,23.46,3.6,0.36,106.71,3,2
86.28,47.36,6.21,0.73,293.18,2,2
101.5,29.68,2.27,0.31,87.61,3,2
102.4,32.85,3.92,0.42,69.68,3,2
101.58,26.01,1.37,0.12,100.45,3,2
99.1,29.84,0.51,0.05,32.99,3,2
106.34,30.99,4.82,0.45,49.08,1,2
84.71,31.76,6.57,0.68,274.56,3,2
85.7,18.98,5.55,0.59,298.79,3,2
82.5,9.45,4.83,0.61,258.93,3,2
87.44,34.39,4.16,0.43,309.12,0,2
102.65,25.49,2.1,0.32,101.74,0,2
98.95,32.15,3.45,0.32,8.88,0,2
89.03,21.87,4.08,0.44,307.26,0,2
80.7,10.09,5.82,0.62,273.21,0,2
75.25,36.3,4.77,0.51,320.1,0,2
80.67,19.54,2.83,0.32,334.72,0,2
102.52,34.32,4.66,0.56,73.98,0,2
103.32,22.7,4.09,0.43,93.43,0,2
86.17,46.45,5.54,0.59,294.34,0,2
104.85,30.82,6.8,0.76,67.75,0,2
49.68,33.19,2.55,0.23,71.8,3,1
51.33,16.05,3.1,0.33,148.76,3,1
67.43,44.5,7.63,0.78,79.09,3,1
49.14,27.44,1.85,0.23,348.91,3,1
57.93,6.97,4.28,0.56,174.94,3,1
72.56,15.94,6.2,0.63,73.58,3,1
42.23,26.92,1.62,0.2,324.87,3,1
63.32,34.99,5.46,0.52,73.96,3,1
39.76,25.53,3.34,0.39,312.04,3,1
44.27,28.13,0.16,0.02,334.73,3,1
43.5,27.44,0.43,0.09,304.15,3,1
66.83,45.41,9.39,0.96,77.05,2,1
38.99,27.42,1.45,0.13,12.47,1,1
41.74,26.51,1.56,0.18,322.99,0,1
43.63,25.96,0.5,0.06,313.07,0,1
43.38,27.91,0.4,0.05,345.89,0,1
48.63,16.76,4.4,0.49,173.27,0,1
43.79,28.84,0.18,0.07,109.36,0,1
56.25,4.35,3.7,0.45,185.36,0,1
39.85,25.65,1.88,0.25,274.34,0,1
42.62,27.2,0.75,0.08,324.25,0,1
46.24,19.33,0.53,0.15,246.14,0,1
101.94,25.02,3.71,0.42,250.08,3,4
106.45,27.24,2.87,0.4,234.67,3,4
115.32,34.19,4.12,0.49,141.78,3,4
101.53,29.42,3.83,0.42,225.73,3,4
105.74,30.1,0.76,0.13,224.01,3,4
114.88,18.98,5.01,0.49,137.93,3,4
110.67,26.52,3.19,0.31,164.32,3,4
103.72,28.81,1.26,0.11,199.95,3,4
116.18,31.69,4.59,0.53,130.93,3,4
110.68,12.6,0.7,0.1,264.65,3,4
101.74,38.88,0.31,0.07,55.63,3,4
116.63,31.91,6.02,0.66,136.03,0,4
99.77,29.46,1.55,0.11,256.87,1,4
102.93,29.25,0.81,0.08,207.83,0,4
102.32,30.73,1.07,0.15,200.33,0,4
101.3,37.24,1.29,0.14,288.66,0,4
115.42,18.88,5.82,0.67,143.39,0,4
102.64,28.7,0.93,0.08,210.4,0,4
102.5,36.52,1.17,0.23,312.82,0,4
104.27,30.66,1.28,0.16,323.36,0,4
109.52,14.0,2.27,0.28,37.88,2,4
101.71,25.62,3.29,0.37,245.04,0,4
72.76,19.92,2.86,0.38,318.29,3,1
71.01,26.64,5.74,0.63,211.03,3,1
86.09,13.69,4.51,0.45,174.1,3,1
92.64,11.93,7.16,0.75,79.31,3,1
76.13,24.15,1.9,0.21,211.08,3,1
84.15,21.27,4.48,0.48,174.9,3,1
88.38,38.83,3.23,0.36,78.23,3,1
89.77,24.01,5.32,0.54,156.31,3,1
76.6,24.35,1.49,0.2,222.25,3,1
101.31,20.47,4.84,0.49,145.59,3,1
89.48,35.92,6.24,0.67,200.94,3,1
92.79,13.03,7.94,0.84,85.89,0,1
73.12,23.17,0.14,0.04,121.05,1,1
76.09,23.5,1.53,0.19,254.27,0,1
77.21,24.86,1.38,0.22,297.02,0,1
71.61,26.61,4.1,0.41,229.13,0,1
82.21,35.31,5.58,0.61,162.14,0,1
84.3,12.74,5.14,0.54,159.41,2,1
75.76,25.13,1.58,0.2,216.01,0,1
73.07,19.3,2.07,0.24,291.16,0,1
88.05,39.5,3.05,0.32,71.73,0,1
89.6,23.34,6.51,0.65,144.41,0,1
83.52,19.53,2.05,0.23,17.4,3,1
79.04,26.49,3.99,0.5,241.4,3,1
93.57,35.64,3.72,0.38,10.62,3,1
94.35,30.7,5.18,0.56,147.82,3,1
85.31,18.81,3.49,0.39,199.73,3,1
92.82,7.15,5.32,0.56,114.32,3,1
90.55,15.85,3.11,0.34,83.55,3,1
81.67,19.57,1.64,0.21,239.48,3,1
98.75,26.13,3.3,0.29,199.32,3,1
97.38,41.53,2.97,0.38,84.44,3,1
83.5,24.92,1.6,0.2,293.99,3,1
93.7,28.48,6.06,0.64,154.67,2,1
79.91,24.09,0.68,0.04,267.64,1,1
81.65,20.41,1.79,0.19,257.48,0,1
83.14,22.29,0.79,0.1,239.18,0,1
79.55,26.31,4.07,0.47,241.97,0,1
95.68,40.59,5.33,0.56,94.71,0,1
83.12,24.45,1.34,0.12,287.55,0,1
81.42,18.86,2.12,0.23,244.75,0,1
92.68,6.08,5.83,0.64,112.47,0,1
91.46,36.61,4.49,0.45,36.5,0,1
81.07,14.52,5.04,0.56,169.64,0,1
91.25,20.07,2.52,0.26,48.93,3,0
85.39,27.84,2.15,0.26,257.14,3,0
103.29,14.55,3.81,0.39,127.51,3,0
109.39,10.61,4.28,0.44,152.4,3,0
87.25,21.7,1.58,0.14,229.99,3,0
104.17,31.24,5.11,0.6,108.61,3,0
99.44,29.98,3.98,0.38,12.02,3,0
93.18,23.52,2.8,0.23,9.11,3,0
108.01,22.38,2.96,0.31,42.45,3,0
108.62,40.29,5.1,0.53,14.42,3,0
89.75,22.96,1.18,0.14,260.57,3,0
87.04,25.26,1.63,0.17,323.99,1,0
91.64,21.48,0.26,0.03,122.07,0,0
91.9,23.11,1.63,0.2,353.31,0,0
107.45,9.57,6.31,0.71,142.27,0,0
85.54,26.89,4.36,0.48,244.12,0,0
106.37,41.04,7.01,0.76,30.54,2,0
91.05,22.73,0.62,0.03,185.49,0,0
89.66,22.58,1.3,0.16,247.02,0,0
89.57,20.77,0.92,0.14,10.36,0,0
104.46,30.31,5.99,0.65,99.63,0,0
103.39,13.9,4.83,0.5,108.91,0,0
114.08,1.51,2.42,0.24,135.25,3,2
111.74,23.45,3.55,0.38,161.28,3,2
114.48,31.19,1.19,0.13,43.5,3,2
105.35,7.2,6.52,0.7,159.92,3,2
106.99,23.36,4.14,0.43,164.41,3,2
109.08,36.64,0.43,0.0,239.27,3,2
111.08,45.86,0.57,0.09,7.45,3,2
110.95,14.46,3.98,0.45,185.79,3,2
107.93,5.59,7.09,0.8,187.08,3,2
116.77,9.75,6.24,0.68,169.59,3,2
105.17,15.13,6.34,0.65,175.79,3,2
115.07,32.07,1.66,0.17,66.2,0,2
104.44,3.42,6.35,0.65,154.59,1,2
107.42,25.47,1.17,0.13,184.96,0,2
106.33,26.28,2.24,0.23,131.08,0,2
105.47,30.28,1.15,0.13,156.72,0,2
110.48,15.68,2.42,0.26,187.22,0,2
116.44,9.73,5.81,0.69,168.01,2,2
109.39,45.11,0.6,0.06,115.05,0,2
113.43,1.56,1.67,0.21,144.97,0,2
108.75,37.34,0.16,0.06,353.09,0,2
106.99,13.08,3.2,0.32,188.9,0,2
101.35,21.19,2.6,0.32,294.42,3,3
108.26,21.35,0.8,0.06,348.12,3,3
114.41,28.2,2.96,0.29,126.14,3,3
104.86,25.71,2.86,0.28,339.61,3,3
109.38,17.66,1.62,0.19,163.99,3,3
111.43,24.18,5.06,0.52,169.6,3,3
110.86,24.79,4.17,0.51,163.12,3,3
104.19,24.42,1.13,0.19,231.44,3,3
112.12,16.23,1.4,0.16,120.64,3,3
111.9,37.82,1.6,0.19,306.02,3,3
101.61,28.64,2.11,0.25,249.59,3,3
114.0,27.86,4.65,0.5,126.77,0,3
100.11,24.72,1.05,0.12,316.55,1,3
103.99,23.81,1.61,0.2,270.46,0,3
103.36,24.9,0.65,0.15,249.88,0,3
101.5,27.94,1.78,0.2,248.98,0,3
107.16,20.98,0.46,0.02,330.45,0,3
110.41,23.57,6.7,0.68,158.47,0,3
101.09,20.61,1.82,0.24,247.39,0,3
103.38,25.67,0.69,0.11,274.82,0,3
105.34,23.06,0.8,0.11,308.63,0,3
110.59,38.84,0.6,0.02,8.76,2,3
52.36,17.16,3.23,0.39,254.85,3,2
51.75,28.37,2.29,0.29,266.89,3,2
64.27,15.88,3.85,0.44,160.01,3,2
70.72,8.87,5.3,0.47,99.81,3,2
64.6,27.24,3.14,0.41,120.81,3,2
66.26,38.77,4.66,0.54,60.13,3,2
52.25,24.35,4.62,0.58,270.28,3,2
77.87,24.49,1.27,0.14,24.93,3,2
70.14,37.9,4.66,0.58,201.08,3,2
54.81,19.62,1.09,0.14,275.25,3,2
56.66,22.43,1.45,0.14,343.32,3,2
69.26,6.67,7.56,0.77,104.6,0,2
50.65,24.2,3.52,0.34,276.26,1,2
54.3,20.52,1.65,0.21,269.32,0,2
55.91,22.69,1.05,0.13,309.45,0,2
51.82,27.58,2.16,0.28,270.23,0,2
60.23,37.05,4.21,0.51,165.06,2,2
60.26,14.41,5.51,0.61,131.55,0,2
54.25,24.2,3.34,0.39,250.62,0,2
52.59,18.76,2.45,0.4,261.77,0,2
65.85,39.54,4.76,0.54,61.22,0,2
65.11,26.37,4.76,0.56,123.77,0,2
54.02,19.55,3.51,0.42,258.43,3,1
50.73,27.25,5.8,0.61,232.42,3,1
61.93,16.76,3.11,0.38,237.7,3,1
73.48,7.48,3.69,0.44,112.57,3,1
68.46,32.95,6.05,0.64,70.97,3,1
64.8,37.74,4.53,0.48,67.73,3,1
53.83,22.99,4.82,0.54,232.98,3,1
81.92,21.21,4.84,0.54,134.66,3,1
73.59,44.67,4.92,0.47,65.73,3,1
58.58,24.29,2.35,0.23,299.09,3,1
52.9,24.02,3.63,0.49,227.75,3,1
50.98,22.95,2.62,0.29,260.13,1,1
57.93,23.18,2.13,0.19,194.55,0,1
56.71,24.46,0.92,0.08,170.96,0,1
70.04,45.17,7.51,0.77,75.96,0,1
51.49,27.06,4.25,0.48,246.97,0,1
68.68,6.69,6.06,0.68,104.39,0,1
54.86,15.85,0.87,0.17,167.52,2,1
57.5,23.91,3.32,0.37,205.65,0,1
58.78,23.56,1.36,0.14,342.6,0,1
64.29,38.81,5.02,0.54,69.74,0,1
68.27,33.75,7.29,0.76,74.48,0,1
41.55,16.78,0.45,0.09,81.36,3,2
38.1,25.37,3.47,0.4,265.41,3,2
62.0,30.32,2.36,0.18,52.15,3,2
66.42,42.85,3.46,0.33,135.35,3,2
44.86,23.83,1.36,0.2,242.94,3,2
61.27,21.49,1.99,0.22,62.28,3,2
62.97,43.85,4.26,0.48,62.5,3,2
74.29,17.06,3.77,0.43,61.24,3,2
44.49,22.16,0.99,0.07,13.6,3,2
71.69,34.2,3.88,0.45,94.27,3,2
62.49,8.59,3.7,0.45,101.09,3,2
62.34,38.14,5.66,0.64,101.55,0,2
42.41,24.35,0.76,0.11,27.72,1,2
43.58,21.9,0.34,0.05,313.87,0,2
44.06,22.45,0.53,0.07,276.37,0,2
39.08,24.99,3.34,0.38,251.05,0,2
65.31,9.21,7.94,0.82,98.15,0,2
52.31,21.95,4.35,0.49,136.38,0,2
44.49,24.55,1.57,0.16,242.58,0,2
40.96,18.44,0.34,0.03,222.12,0,2
64.53,30.88,7.35,0.8,112.49,2,2
53.89,33.26,3.33,0.34,143.73,0,2
