index,x,y,speed,distance,direction,jerseyNumber,role,playId,result
7739,30.57,23.53,1.2,0.13,318.93,60.0,3,152,2
7793,26.63,24.62,0.73,0.06,301.8,9.0,1,152,2
7847,28.49,21.21,2.87,0.35,304.15,64.0,3,152,2
7901,40.07,38.99,6.5,0.65,63.23,19.0,3,152,2
7955,37.85,32.34,3.84,0.42,26.67,82.0,3,152,2
8009,29.69,21.9,2.99,0.35,256.99,67.0,3,152,2
8063,36.71,47.22,1.98,0.2,62.7,16.0,3,152,2
8117,29.51,25.82,2.2,0.31,274.66,75.0,3,152,2
8171,40.01,4.97,6.41,0.7,107.97,13.0,3,152,2
8225,28.56,27.98,1.85,0.3,265.63,71.0,3,152,2
8279,37.86,13.57,4.43,0.48,131.33,41.0,2,152,2
8333,28.57,20.46,3.65,0.36,302.38,97.0,0,152,2
8387,31.51,23.5,1.18,0.13,314.79,98.0,0,152,2
8441,41.36,38.8,3.83,0.36,63.5,23.0,0,152,2
8495,29.33,26.36,3.81,0.41,260.27,92.0,0,152,2
8549,44.4,30.82,2.5,0.27,5.06,34.0,0,152,2
8603,41.4,13.15,1.46,0.2,140.58,22.0,0,152,2
8657,38.75,45.93,2.1,0.24,99.82,29.0,0,152,2
8711,38.62,20.39,2.18,0.22,31.92,55.0,0,152,2
8765,38.25,31.04,4.53,0.45,358.16,54.0,0,152,2
8819,40.93,6.02,5.55,0.59,108.63,26.0,0,152,2
8873,28.84,28.84,2.25,0.3,252.02,99.0,0,152,2
10317,48.07,25.38,1.9,0.24,279.4,60.0,3,206,1
10383,56.69,31.21,5.18,0.54,106.31,84.0,3,206,1
10449,46.89,21.75,2.15,0.29,167.32,22.0,3,206,1
10515,44.4,25.18,2.2,0.18,308.33,9.0,3,206,1
10581,44.89,21.26,2.11,0.31,316.95,29.0,3,206,1
10647,46.74,24.22,2.65,0.34,327.64,64.0,3,206,1
10713,58.78,6.48,5.8,0.7,104.68,19.0,3,206,1
10779,47.61,23.79,2.54,0.33,285.62,67.0,3,206,1
10845,48.73,26.11,1.68,0.17,249.52,75.0,3,206,1
10911,57.06,44.7,5.05,0.53,144.11,13.0,3,206,1
10977,45.99,27.66,1.96,0.27,256.15,71.0,3,206,1
11043,46.67,28.51,2.97,0.41,232.77,97.0,0,206,1
11109,47.99,24.42,3.04,0.38,288.52,98.0,0,206,1
11175,49.46,25.93,0.76,0.03,334.52,92.0,0,206,1
11241,57.44,31.56,3.13,0.37,119.63,34.0,0,206,1
11307,69.23,25.19,2.69,0.31,29.53,22.0,0,206,1
11373,59.72,43.57,2.13,0.2,152.15,29.0,0,206,1
11439,45.24,21.95,4.35,0.44,322.63,55.0,0,206,1
11505,48.64,20.85,4.46,0.55,254.39,54.0,0,206,1
11571,59.6,7.14,5.34,0.62,108.0,26.0,0,206,1
11637,47.04,24.97,2.98,0.38,322.24,99.0,0,206,1
11703,50.07,23.07,4.4,0.51,253.22,42.0,0,206,1
13293,61.1,36.32,3.43,0.34,13.82,60.0,3,251,1
13399,53.98,27.36,4.4,0.53,251.42,84.0,3,251,1
13505,56.54,38.22,4.16,0.43,358.08,22.0,3,251,1
13611,50.23,28.99,3.08,0.3,271.47,9.0,3,251,1
13717,53.65,28.93,4.67,0.54,263.69,29.0,3,251,1
13823,57.93,30.31,2.97,0.34,266.54,64.0,3,251,1
13929,75.38,17.64,4.42,0.48,118.01,19.0,3,251,1
14035,61.11,33.23,2.0,0.19,27.34,67.0,3,251,1
14141,63.54,38.46,3.0,0.39,36.25,75.0,3,251,1
14247,68.4,27.28,5.12,0.54,159.8,13.0,3,251,1
14353,57.55,35.54,0.53,0.09,197.79,71.0,3,251,1
14459,58.04,35.13,1.14,0.16,200.47,97.0,0,251,1
14565,61.58,32.35,1.0,0.21,222.99,92.0,0,251,1
14671,79.32,28.71,3.48,0.42,104.1,34.0,0,251,1
14777,80.39,21.68,2.41,0.32,124.09,22.0,0,251,1
14883,69.21,27.87,4.73,0.52,165.69,29.0,0,251,1
14989,66.4,24.32,2.51,0.33,185.02,55.0,0,251,1
15095,57.76,28.75,3.97,0.52,273.84,93.0,0,251,1
15201,67.67,27.46,3.86,0.47,144.91,54.0,0,251,1
15307,78.15,16.22,2.8,0.31,114.16,26.0,0,251,1
15413,52.81,28.18,5.66,0.62,297.97,99.0,0,251,1
15519,64.46,37.66,2.31,0.2,350.58,42.0,0,251,1
15725,77.48,34.54,0.73,0.07,250.95,60.0,3,285,1
15806,80.15,29.49,1.38,0.14,136.14,84.0,3,285,1
15887,76.44,39.76,5.83,0.61,15.3,22.0,3,285,1
15968,70.72,27.72,4.68,0.5,211.26,9.0,3,285,1
16049,79.5,33.8,1.47,0.16,353.44,64.0,3,285,1
16130,78.79,24.88,7.77,0.78,166.83,19.0,3,285,1
16211,86.54,37.63,4.98,0.52,128.08,82.0,3,285,1
16292,79.0,34.52,1.29,0.11,15.36,67.0,3,285,1
16373,86.12,26.9,6.27,0.66,99.81,89.0,3,285,1
16454,79.37,40.16,4.0,0.48,10.29,75.0,3,285,1
16535,77.35,39.72,2.48,0.26,339.75,71.0,3,285,1
16616,80.51,27.27,3.44,0.37,174.68,96.0,0,285,1
16697,80.44,34.6,1.38,0.16,53.27,92.0,0,285,1
16778,92.52,25.21,2.75,0.3,142.16,34.0,0,285,1
16859,93.77,33.95,3.98,0.45,141.69,22.0,0,285,1
16940,88.95,38.39,3.6,0.35,138.85,29.0,0,285,1
17021,81.68,40.5,2.69,0.32,5.64,55.0,0,285,1
17102,80.0,35.52,0.85,0.1,119.15,93.0,0,285,1
17183,81.95,34.3,2.13,0.28,154.7,54.0,0,285,1
17264,85.01,22.94,3.65,0.45,134.89,26.0,0,285,1
17345,78.16,40.62,2.67,0.28,332.91,99.0,0,285,1
17426,83.73,32.67,1.72,0.17,129.32,42.0,0,285,1
22105,82.79,24.25,1.33,0.16,346.92,60.0,3,407,2
22187,78.82,18.92,0.45,0.11,9.94,84.0,3,407,2
22269,75.98,33.76,3.94,0.45,359.91,22.0,3,407,2
22351,77.08,24.47,0.41,0.1,31.15,9.0,3,407,2
22433,78.73,21.44,2.54,0.29,299.61,64.0,3,407,2
22515,78.06,26.29,0.87,0.19,220.51,67.0,3,407,2
22597,89.16,26.83,5.25,0.61,0.71,16.0,3,407,2
22679,82.19,24.59,1.5,0.18,357.83,75.0,3,407,2
22761,98.85,41.79,1.76,0.15,110.53,13.0,3,407,2
22843,100.84,31.48,8.24,0.84,64.06,87.0,3,407,2
22925,83.93,24.86,0.62,0.11,72.63,71.0,3,407,2
23007,78.8,26.92,1.84,0.26,214.49,97.0,0,407,2
23089,86.61,27.34,3.39,0.37,3.06,96.0,0,407,2
23171,90.2,36.69,4.38,0.48,21.63,23.0,0,407,2
23253,84.83,24.02,0.51,0.05,131.82,92.0,0,407,2
23335,103.03,32.08,4.57,0.44,44.74,34.0,0,407,2
23417,105.09,21.21,5.73,0.58,50.72,22.0,0,407,2
23499,100.73,41.76,0.83,0.13,40.74,29.0,0,407,2
23581,89.61,19.17,0.89,0.04,23.57,55.0,0,407,2
23663,90.05,31.79,3.47,0.34,21.1,54.0,0,407,2
23745,98.79,17.17,5.06,0.54,73.51,26.0,0,407,2
23827,78.26,20.92,3.64,0.35,313.5,99.0,0,407,2
27869,101.55,29.64,2.17,0.26,40.41,94.0,3,470,0
27935,99.85,17.31,1.37,0.2,92.63,57.0,3,470,0
28001,78.63,31.62,3.41,0.42,162.5,32.0,3,470,0
28067,89.4,25.07,3.2,0.39,160.53,53.0,3,470,0
28133,97.51,23.04,1.36,0.15,181.8,95.0,3,470,0
28199,83.86,41.83,2.73,0.23,207.41,26.0,3,470,0
28265,99.38,20.21,2.16,0.32,60.3,98.0,3,470,0
28331,84.79,10.63,1.43,0.08,350.76,23.0,3,470,0
28397,88.7,19.69,1.18,0.17,34.57,47.0,3,470,0
28463,89.81,9.11,0.9,0.08,310.14,43.0,3,470,0
28529,101.35,22.72,0.34,0.03,172.44,8.0,0,470,0
28595,91.37,12.69,1.39,0.11,253.19,82.0,0,470,0
28661,101.26,28.94,3.14,0.35,50.95,61.0,0,470,0
28727,100.29,18.91,1.63,0.25,66.29,71.0,0,470,0
28793,101.38,27.11,1.24,0.17,119.6,72.0,0,470,0
28859,92.04,43.65,3.89,0.42,340.74,19.0,0,470,0
28925,89.27,4.04,4.73,0.5,198.3,14.0,0,470,0
28991,98.83,19.51,1.78,0.24,105.75,62.0,0,470,0
29057,87.24,34.73,4.95,0.57,195.53,11.0,0,470,0
29123,92.44,22.78,2.44,0.27,255.28,33.0,0,470,0
29189,98.2,23.26,0.75,0.1,202.93,65.0,0,470,0
30910,95.63,23.16,3.82,0.49,169.62,94.0,3,515,1
30987,97.63,20.04,1.81,0.24,83.09,57.0,3,515,1
31064,78.37,24.64,1.16,0.16,28.79,32.0,3,515,1
31141,87.46,25.85,3.1,0.43,4.71,53.0,3,515,1
31218,96.46,21.62,2.21,0.27,26.29,44.0,3,515,1
31295,83.85,8.23,4.34,0.59,222.7,26.0,3,515,1
31372,98.19,26.84,0.66,0.07,246.09,98.0,3,515,1
31449,85.92,24.34,7.07,0.69,191.77,21.0,3,515,1
31526,77.94,18.9,1.64,0.31,339.46,23.0,3,515,1
31603,80.17,32.51,4.96,0.53,295.79,47.0,3,515,1
31680,73.12,29.6,3.18,0.29,195.14,43.0,3,515,1
31757,97.68,23.02,0.33,0.08,229.41,8.0,0,515,1
31834,79.55,32.91,5.47,0.58,296.5,82.0,0,515,1
31911,95.51,24.79,2.24,0.23,176.08,61.0,0,515,1
31988,98.07,20.64,1.69,0.18,94.83,71.0,0,515,1
32065,98.17,25.77,0.63,0.07,120.33,72.0,0,515,1
32142,80.69,22.76,2.38,0.24,314.03,19.0,0,515,1
32219,88.81,21.34,6.38,0.64,191.97,14.0,0,515,1
32296,96.06,20.9,2.73,0.31,76.1,62.0,0,515,1
32373,87.91,25.29,3.15,0.34,344.16,11.0,0,515,1
32450,84.23,7.94,6.25,0.62,225.54,33.0,0,515,1
32527,95.32,21.65,2.43,0.29,158.07,65.0,0,515,1
32677,83.06,22.65,2.94,0.41,120.5,94.0,3,539,1
32748,78.08,28.81,1.19,0.12,98.82,51.0,3,539,1
32819,86.65,19.76,4.14,0.47,33.66,57.0,3,539,1
32890,71.58,40.23,5.95,0.62,280.78,32.0,3,539,1
32961,83.58,27.73,2.89,0.33,169.09,53.0,3,539,1
33032,79.35,21.86,1.17,0.03,211.85,95.0,3,539,1
33103,72.83,48.81,3.05,0.45,293.88,26.0,3,539,1
33174,82.3,18.39,2.37,0.25,135.87,98.0,3,539,1
33245,71.57,5.05,1.27,0.14,237.76,23.0,3,539,1
33316,77.72,26.11,1.66,0.27,19.38,47.0,3,539,1
33387,59.08,21.39,5.71,0.65,195.76,43.0,3,539,1
33458,85.37,22.73,0.61,0.04,125.54,8.0,0,539,1
33529,80.27,22.4,0.7,0.05,191.25,61.0,0,539,1
33600,85.87,19.44,3.26,0.43,49.92,71.0,0,539,1
33671,82.32,23.05,3.1,0.38,134.35,72.0,0,539,1
33742,72.41,4.38,1.11,0.1,272.63,19.0,0,539,1
33813,70.94,40.6,6.73,0.69,275.35,81.0,0,539,1
33884,74.23,49.15,2.11,0.22,281.27,14.0,0,539,1
33955,82.37,19.44,1.55,0.19,149.12,62.0,0,539,1
34026,84.15,27.63,2.32,0.23,165.43,89.0,0,539,1
34097,79.24,27.2,2.5,0.27,301.54,33.0,0,539,1
34168,80.06,20.91,1.14,0.09,181.96,65.0,0,539,1
36129,82.06,32.71,1.08,0.08,123.18,94.0,3,584,1
36211,78.37,31.28,0.55,0.1,7.6,57.0,3,584,1
36293,85.8,28.52,3.6,0.41,49.25,32.0,3,584,1
36375,70.6,25.82,6.35,0.66,182.26,53.0,3,584,1
36457,80.97,28.41,1.16,0.12,79.62,26.0,3,584,1
36539,80.83,32.19,1.84,0.23,141.85,98.0,3,584,1
36621,64.73,37.01,5.02,0.54,244.34,48.0,3,584,1
36703,56.58,38.99,4.87,0.51,235.39,21.0,3,584,1
36785,66.61,18.75,5.4,0.6,304.64,23.0,3,584,1
36867,63.08,31.5,6.64,0.71,225.06,47.0,3,584,1
36949,60.37,19.75,2.94,0.28,196.05,43.0,3,584,1
37031,82.24,29.76,0.11,0.03,218.93,8.0,0,584,1
37113,81.72,31.97,1.27,0.1,107.15,61.0,0,584,1
37195,62.49,31.65,7.56,0.79,229.59,17.0,0,584,1
37277,84.31,28.42,2.75,0.32,57.89,71.0,0,584,1
37359,82.31,31.92,1.13,0.13,113.8,72.0,0,584,1
37441,66.38,19.31,7.45,0.79,297.82,19.0,0,584,1
37523,72.94,25.01,8.23,0.82,186.42,14.0,0,584,1
37605,78.22,31.79,2.08,0.27,31.89,62.0,0,584,1
37687,64.27,35.89,5.01,0.53,242.2,89.0,0,584,1
37769,81.09,29.04,0.89,0.13,57.22,33.0,0,584,1
37851,80.2,31.31,1.05,0.11,186.33,65.0,0,584,1
39741,38.73,27.58,1.99,0.25,248.73,94.0,3,678,0
39816,43.15,19.16,1.42,0.15,122.3,57.0,3,678,0
39891,32.69,9.06,5.3,0.63,196.29,32.0,3,678,0
39966,28.73,28.53,2.27,0.27,152.06,53.0,3,678,0
40041,39.97,22.48,1.47,0.19,43.6,95.0,3,678,0
40116,30.53,39.94,2.81,0.37,319.62,26.0,3,678,0
40191,39.32,26.53,1.32,0.16,182.96,93.0,3,678,0
40266,25.75,35.98,1.66,0.15,148.34,21.0,3,678,0
40341,26.75,12.67,1.47,0.14,24.38,23.0,3,678,0
40416,29.85,20.55,2.18,0.31,28.55,47.0,3,678,0
40491,18.17,19.35,1.78,0.17,135.01,43.0,3,678,0
40566,42.27,23.33,0.65,0.07,105.8,8.0,0,678,0
40641,41.12,26.42,0.68,0.08,128.85,61.0,0,678,0
40716,31.4,39.9,4.82,0.52,332.7,17.0,0,678,0
40791,42.61,19.98,1.39,0.16,108.65,71.0,0,678,0
40866,40.8,27.11,0.38,0.05,123.79,74.0,0,678,0
40941,33.6,6.28,5.29,0.57,193.21,19.0,0,678,0
41016,34.64,23.07,3.19,0.27,272.37,21.0,0,678,0
41091,30.85,14.58,1.5,0.2,210.17,14.0,0,678,0
41166,41.0,22.45,1.15,0.19,86.9,62.0,0,678,0
41241,30.68,32.36,1.61,0.21,159.82,11.0,0,678,0
41316,39.85,27.42,1.68,0.16,8.83,65.0,0,678,0
41467,32.84,31.03,2.22,0.25,284.83,94.0,3,702,2
41539,20.2,27.54,4.36,0.53,242.91,32.0,3,702,2
41611,28.76,29.58,5.5,0.6,341.44,53.0,3,702,2
41683,35.45,20.4,3.99,0.47,357.39,44.0,3,702,2
41755,29.09,21.88,1.94,0.23,358.6,95.0,3,702,2
41827,23.39,43.32,6.85,0.72,306.13,26.0,3,702,2
41899,34.07,25.73,1.69,0.24,33.9,93.0,3,702,2
41971,24.4,37.34,5.52,0.62,206.22,21.0,3,702,2
42043,25.87,14.17,3.57,0.34,311.46,23.0,3,702,2
42115,27.0,16.55,4.15,0.44,202.18,47.0,3,702,2
42187,14.69,30.68,6.88,0.71,348.69,43.0,3,702,2
42259,37.19,24.25,0.08,0.03,272.06,8.0,0,702,2
42331,33.97,24.64,1.9,0.26,66.93,61.0,0,702,2
42403,23.72,44.29,7.45,0.74,302.13,17.0,0,702,2
42475,33.59,16.87,0.41,0.08,29.8,71.0,0,702,2
42547,34.52,30.23,1.04,0.16,285.91,74.0,0,702,2
42619,20.76,26.34,5.27,0.54,225.0,19.0,0,702,2
42691,29.58,15.81,5.39,0.61,211.89,21.0,0,702,2
42763,27.04,35.57,4.71,0.55,223.03,14.0,0,702,2
42835,27.91,17.31,3.26,0.33,215.02,62.0,0,702,2
42907,26.5,14.35,3.08,0.25,304.92,11.0,0,702,2
42979,28.42,20.63,1.96,0.22,281.9,65.0,0,702,2
46344,15.3,14.67,0.97,0.2,350.59,94.0,3,766,1
46415,5.19,12.16,3.08,0.4,178.52,32.0,3,766,1
46486,10.67,22.41,3.43,0.33,176.63,53.0,3,766,1
46557,22.69,23.61,0.82,0.1,200.32,95.0,3,766,1
46628,15.01,34.32,1.29,0.07,208.15,26.0,3,766,1
46699,26.4,28.72,1.85,0.23,106.22,98.0,3,766,1
46770,23.68,17.55,0.84,0.05,151.81,93.0,3,766,1
46841,12.26,42.55,0.77,0.05,178.24,21.0,3,766,1
46912,10.83,11.01,1.44,0.23,235.9,23.0,3,766,1
46983,13.82,25.79,4.49,0.4,193.37,47.0,3,766,1
47054,6.76,36.97,3.13,0.28,231.63,43.0,3,766,1
47125,27.97,24.15,0.25,0.01,31.24,8.0,0,766,1
47196,10.89,9.05,5.17,0.58,217.39,82.0,0,766,1
47267,22.96,24.34,0.62,0.05,138.77,61.0,0,766,1
47338,24.02,18.64,0.97,0.14,133.72,71.0,0,766,1
47409,26.02,27.79,1.79,0.24,113.72,74.0,0,766,1
47480,10.18,21.79,4.64,0.56,228.38,19.0,0,766,1
47551,16.82,21.77,6.2,0.64,185.5,14.0,0,766,1
47622,23.22,17.71,1.88,0.27,150.31,62.0,0,766,1
47693,7.17,39.03,6.56,0.67,236.19,11.0,0,766,1
47764,17.94,35.02,5.89,0.66,352.25,33.0,0,766,1
47835,23.19,23.55,0.53,0.03,183.1,65.0,0,766,1
47989,13.13,20.68,2.18,0.32,33.13,94.0,3,790,2
48059,4.59,12.71,1.56,0.17,213.73,32.0,3,790,2
48129,7.12,13.56,3.04,0.38,207.55,53.0,3,790,2
48199,20.82,24.08,2.28,0.29,222.73,95.0,3,790,2
48269,10.83,38.99,1.57,0.23,311.26,26.0,3,790,2
48339,21.27,29.21,3.37,0.41,270.71,98.0,3,790,2
48409,21.33,18.89,1.84,0.21,304.48,93.0,3,790,2
48479,8.75,51.3,1.84,0.25,222.29,21.0,3,790,2
48549,12.79,6.7,2.85,0.34,191.65,23.0,3,790,2
48619,10.07,25.05,5.01,0.63,177.36,47.0,3,790,2
48689,6.04,33.05,5.58,0.64,169.51,43.0,3,790,2
48759,19.07,21.26,4.54,0.49,268.57,8.0,0,790,2
48829,4.22,13.84,3.3,0.35,254.17,82.0,0,790,2
48899,22.37,24.74,0.81,0.1,217.06,61.0,0,790,2
48969,22.14,19.4,1.3,0.19,305.44,71.0,0,790,2
49039,23.22,27.66,1.17,0.13,253.63,74.0,0,790,2
49109,9.53,24.47,5.08,0.64,195.42,19.0,0,790,2
49179,11.53,40.8,2.08,0.26,255.14,14.0,0,790,2
49249,20.89,18.48,0.49,0.1,276.71,62.0,0,790,2
49319,9.77,50.39,1.92,0.25,213.28,11.0,0,790,2
49389,14.85,5.98,2.97,0.33,185.48,33.0,0,790,2
49459,20.81,25.07,1.49,0.17,219.19,65.0,0,790,2
55268,83.99,29.89,0.75,0.06,95.93,60.0,3,905,2
55333,87.75,30.93,1.08,0.11,338.06,9.0,3,905,2
55398,83.4,26.59,0.26,0.04,302.47,29.0,3,905,2
55463,85.75,32.11,2.24,0.29,87.13,64.0,3,905,2
55528,82.99,30.27,0.35,0.0,99.74,67.0,3,905,2
55593,76.92,32.4,6.59,0.7,352.21,89.0,3,905,2
55658,68.47,28.29,5.05,0.57,335.84,16.0,3,905,2
55723,84.03,29.24,0.09,0.06,218.5,75.0,3,905,2
55788,70.06,36.05,3.11,0.34,303.82,13.0,3,905,2
55853,67.65,48.99,8.39,0.87,292.1,87.0,3,905,2
55918,87.42,28.85,3.59,0.36,47.76,71.0,3,905,2
55983,88.14,28.84,4.67,0.46,32.96,97.0,0,905,2
56048,85.9,32.66,2.56,0.28,84.28,96.0,0,905,2
56113,68.85,35.55,2.64,0.33,265.52,23.0,0,905,2
56178,82.97,29.71,0.78,0.1,340.77,92.0,0,905,2
56243,61.08,32.7,4.77,0.48,335.23,34.0,0,905,2
56308,75.61,31.47,6.46,0.68,349.55,22.0,0,905,2
56373,68.57,26.08,4.92,0.52,331.51,29.0,0,905,2
56438,76.06,32.86,3.95,0.43,354.54,55.0,0,905,2
56503,82.4,25.87,0.97,0.14,325.61,54.0,0,905,2
56568,67.32,47.58,7.74,0.8,292.77,26.0,0,905,2
56633,82.91,31.24,1.79,0.22,27.1,99.0,0,905,2
62611,20.72,31.59,2.02,0.26,350.11,94.0,3,1045,1
62701,28.24,23.73,3.59,0.35,169.66,57.0,3,1045,1
62791,42.1,20.21,3.53,0.39,191.92,32.0,3,1045,1
62881,44.21,27.28,1.94,0.22,126.0,53.0,3,1045,1
62971,21.28,32.29,2.14,0.21,113.35,44.0,3,1045,1
63061,55.33,16.6,5.36,0.61,130.32,26.0,3,1045,1
63151,29.25,32.84,2.15,0.23,84.24,98.0,3,1045,1
63241,44.89,10.78,3.62,0.46,114.93,21.0,3,1045,1
63331,49.87,42.0,3.38,0.46,23.29,23.0,3,1045,1
63421,36.6,23.59,6.15,0.65,192.67,47.0,3,1045,1
63511,41.03,36.79,3.52,0.31,167.78,43.0,3,1045,1
63601,24.39,28.96,2.39,0.24,107.34,8.0,0,1045,1
63691,21.24,30.0,2.51,0.32,358.82,82.0,0,1045,1
63781,28.02,28.72,1.94,0.21,148.29,61.0,0,1045,1
63871,19.85,30.2,1.79,0.2,189.99,71.0,0,1045,1
63961,26.4,25.45,2.14,0.21,187.88,74.0,0,1045,1
64051,43.98,25.54,2.2,0.25,126.43,19.0,0,1045,1
64141,29.32,19.75,5.46,0.56,165.79,21.0,0,1045,1
64231,48.47,9.63,5.02,0.58,129.57,14.0,0,1045,1
64321,27.36,33.05,0.64,0.06,90.95,62.0,0,1045,1
64411,47.42,43.89,4.49,0.52,29.62,11.0,0,1045,1
64501,28.64,32.01,1.88,0.17,73.7,65.0,0,1045,1
67210,86.41,20.79,3.13,0.3,180.78,60.0,3,1094,0
67276,89.33,25.03,2.29,0.19,58.52,9.0,3,1094,0
67342,86.97,23.59,3.21,0.36,196.81,64.0,3,1094,0
67408,86.44,21.66,3.84,0.41,194.22,67.0,3,1094,0
67474,86.84,26.18,1.89,0.32,222.46,89.0,3,1094,0
67540,84.23,14.17,4.81,0.51,231.28,16.0,3,1094,0
67606,87.51,20.17,2.25,0.21,172.69,75.0,3,1094,0
67672,84.68,37.04,2.04,0.21,300.92,13.0,3,1094,0
67738,89.09,37.02,1.27,0.17,347.95,87.0,3,1094,0
67804,87.81,18.73,1.91,0.16,175.85,71.0,3,1094,0
67870,91.11,22.42,2.39,0.31,247.35,41.0,3,1094,0
67936,86.47,27.43,0.68,0.22,138.63,96.0,0,1094,0
68002,83.78,37.05,1.46,0.17,317.6,23.0,0,1094,0
68068,86.21,23.65,1.48,0.25,177.17,92.0,0,1094,0
68134,71.8,26.76,1.78,0.14,5.19,34.0,0,1094,0
68200,83.76,28.8,1.47,0.12,35.1,22.0,0,1094,0
68266,82.64,14.21,3.53,0.38,231.2,29.0,0,1094,0
68332,87.38,18.06,1.61,0.13,142.76,55.0,0,1094,0
68398,85.55,20.74,3.73,0.37,176.36,93.0,0,1094,0
68464,84.56,19.91,3.3,0.45,169.9,54.0,0,1094,0
68530,81.74,38.49,2.35,0.27,74.32,26.0,0,1094,0
68596,86.76,20.12,1.92,0.26,152.42,99.0,0,1094,0
68733,88.96,30.84,1.03,0.13,102.78,60.0,3,1118,1
68805,92.77,29.12,1.73,0.14,114.68,9.0,3,1118,1
68877,91.43,33.41,2.34,0.33,107.27,64.0,3,1118,1
68949,80.94,7.07,5.68,0.63,260.13,19.0,3,1118,1
69021,84.81,17.7,6.18,0.69,183.53,82.0,3,1118,1
69093,89.18,31.49,1.5,0.13,97.03,67.0,3,1118,1
69165,84.32,12.75,4.87,0.57,204.05,16.0,3,1118,1
69237,88.99,27.32,1.91,0.2,97.63,75.0,3,1118,1
69309,83.39,43.13,4.24,0.48,225.74,13.0,3,1118,1
69381,90.36,26.2,1.86,0.26,98.0,71.0,3,1118,1
69453,91.57,18.48,6.79,0.72,187.85,41.0,3,1118,1
69525,91.52,34.51,3.1,0.4,115.05,96.0,0,1118,1
69597,82.58,12.51,3.53,0.41,174.32,23.0,0,1118,1
69669,88.67,26.66,2.33,0.29,95.9,92.0,0,1118,1
69741,82.31,16.36,5.66,0.6,146.63,34.0,0,1118,1
69813,72.55,30.25,5.47,0.58,200.77,22.0,0,1118,1
69885,75.16,7.41,3.03,0.35,258.73,29.0,0,1118,1
69957,81.34,30.27,3.67,0.34,185.37,55.0,0,1118,1
70029,88.31,31.16,1.3,0.15,104.62,93.0,0,1118,1
70101,81.32,25.33,5.11,0.5,183.05,54.0,0,1118,1
70173,82.38,44.26,3.27,0.32,210.6,26.0,0,1118,1
70245,89.34,22.99,3.45,0.42,127.17,99.0,0,1118,1
71886,63.77,36.69,1.72,0.23,356.36,60.0,3,1193,2
71959,46.88,43.34,6.59,0.7,340.06,84.0,3,1193,2
72032,58.7,26.62,1.03,0.1,292.21,22.0,3,1193,2
72105,72.58,42.42,5.44,0.57,26.14,9.0,3,1193,2
72178,56.21,22.72,4.34,0.47,322.97,29.0,3,1193,2
72251,61.8,35.77,1.76,0.19,343.54,64.0,3,1193,2
72324,70.43,29.88,2.62,0.29,45.33,67.0,3,1193,2
72397,64.26,31.39,0.74,0.09,45.87,75.0,3,1193,2
72470,49.79,41.43,7.06,0.76,6.52,13.0,3,1193,2
72543,64.7,30.7,0.89,0.12,33.03,71.0,3,1193,2
72616,60.85,42.86,6.25,0.66,349.11,41.0,3,1193,2
72689,64.17,30.82,0.57,0.05,345.66,98.0,0,1193,2
72762,70.77,42.37,5.8,0.61,47.74,96.0,0,1193,2
72835,50.6,45.2,4.18,0.47,349.6,23.0,0,1193,2
72908,62.43,36.27,2.71,0.29,341.24,92.0,0,1193,2
72981,45.2,43.33,6.19,0.65,358.03,34.0,0,1193,2
73054,36.48,33.29,6.2,0.66,337.97,22.0,0,1193,2
73127,48.39,39.36,7.98,0.84,18.27,29.0,0,1193,2
73200,54.8,20.49,3.08,0.36,318.58,55.0,0,1193,2
73273,55.79,27.36,0.68,0.07,34.54,54.0,0,1193,2
73346,69.51,34.53,6.3,0.65,355.4,99.0,0,1193,2
73419,58.66,42.09,6.94,0.75,16.36,42.0,0,1193,2
73549,65.72,30.21,1.63,0.23,77.87,60.0,3,1215,1
73650,60.28,28.69,2.91,0.32,273.18,22.0,3,1215,1
73751,67.59,30.34,0.35,0.06,359.36,9.0,3,1215,1
73852,67.35,31.9,1.8,0.21,115.3,64.0,3,1215,1
73953,66.31,32.06,2.66,0.3,63.36,67.0,3,1215,1
74054,55.63,9.08,5.66,0.63,198.39,89.0,3,1215,1
74155,56.85,17.54,3.64,0.44,177.82,16.0,3,1215,1
74256,66.41,28.18,1.99,0.27,83.3,75.0,3,1215,1
74357,55.15,50.99,1.31,0.14,318.88,13.0,3,1215,1
74458,48.96,7.96,7.86,0.85,259.84,87.0,3,1215,1
74559,67.78,27.84,2.27,0.24,45.79,71.0,3,1215,1
74660,67.15,27.47,2.27,0.27,33.66,97.0,0,1215,1
74761,64.78,30.49,1.54,0.18,91.64,96.0,0,1215,1
74862,47.44,9.47,4.24,0.47,289.72,23.0,0,1215,1
74963,66.9,28.38,2.57,0.36,66.98,92.0,0,1215,1
75064,56.15,17.75,1.89,0.29,174.22,34.0,0,1215,1
75165,43.87,29.81,2.47,0.28,331.14,22.0,0,1215,1
75266,56.34,35.69,3.71,0.33,353.03,55.0,0,1215,1
75367,53.49,32.7,4.51,0.47,338.22,54.0,0,1215,1
75468,54.22,51.07,1.83,0.27,325.16,26.0,0,1215,1
75569,67.13,32.39,2.42,0.25,113.16,99.0,0,1215,1
75670,53.29,9.8,5.39,0.64,170.58,20.0,0,1215,1
75875,60.73,29.63,2.05,0.21,80.13,60.0,3,1239,0
75946,52.46,31.03,2.77,0.3,313.74,22.0,3,1239,0
76017,61.47,30.17,0.57,0.07,358.78,9.0,3,1239,0
76088,60.48,35.37,1.57,0.16,156.63,64.0,3,1239,0
76159,42.26,36.73,7.11,0.74,251.7,82.0,3,1239,0
76230,60.18,31.83,1.56,0.22,92.46,67.0,3,1239,0
76301,41.8,20.08,6.92,0.71,278.87,89.0,3,1239,0
76372,40.82,13.66,8.82,0.89,267.55,16.0,3,1239,0
76443,62.6,27.63,3.31,0.4,67.71,75.0,3,1239,0
76514,63.61,27.2,4.08,0.54,64.8,71.0,3,1239,0
76585,47.49,47.31,7.99,0.84,300.84,41.0,3,1239,0
76656,63.15,28.16,4.11,0.49,28.87,97.0,0,1239,0
76727,59.75,29.32,1.8,0.2,78.3,98.0,0,1239,0
76798,39.31,12.87,6.71,0.7,266.8,23.0,0,1239,0
76869,40.82,38.08,4.75,0.49,252.52,34.0,0,1239,0
76940,36.5,20.79,4.48,0.46,300.88,22.0,0,1239,0
77011,47.64,19.73,3.54,0.35,272.49,55.0,0,1239,0
77082,60.31,32.51,1.51,0.22,91.52,93.0,0,1239,0
77153,48.98,30.2,2.09,0.24,0.33,54.0,0,1239,0
77224,47.23,46.56,6.85,0.73,301.95,26.0,0,1239,0
77295,59.45,35.53,2.49,0.3,180.93,99.0,0,1239,0
77366,44.21,34.81,6.62,0.69,266.8,42.0,0,1239,0
78923,32.77,31.09,2.06,0.23,346.87,60.0,3,1284,2
78990,42.77,34.41,1.52,0.13,73.86,9.0,3,1284,2
79057,33.4,32.01,1.28,0.14,326.17,64.0,3,1284,2
79124,13.69,50.52,3.49,0.33,263.82,19.0,3,1284,2
79191,14.41,14.16,5.87,0.62,324.17,82.0,3,1284,2
79258,28.46,36.64,0.82,0.06,317.99,67.0,3,1284,2
79325,30.86,25.54,1.34,0.16,209.57,16.0,3,1284,2
79392,31.22,33.01,2.95,0.32,6.98,75.0,3,1284,2
79459,12.72,39.29,3.32,0.38,216.81,13.0,3,1284,2
79526,36.38,25.48,2.03,0.21,295.45,71.0,3,1284,2
79593,36.88,34.02,2.34,0.23,17.18,41.0,3,1284,2
79660,32.61,26.46,0.72,0.07,323.27,97.0,0,1284,2
79727,37.78,33.95,3.21,0.36,21.53,98.0,0,1284,2
79794,12.77,29.38,1.6,0.16,76.7,34.0,0,1284,2
79861,13.17,13.81,5.35,0.58,326.74,22.0,0,1284,2
79928,26.39,33.89,0.62,0.07,6.63,29.0,0,1284,2
79995,35.22,24.92,2.85,0.31,281.94,55.0,0,1284,2
80062,35.52,31.37,1.87,0.25,356.89,93.0,0,1284,2
80129,41.83,34.66,4.27,0.47,68.35,54.0,0,1284,2
80196,12.71,39.74,2.95,0.33,219.3,26.0,0,1284,2
80263,35.81,36.39,2.44,0.26,16.09,99.0,0,1284,2
80330,12.98,50.65,3.14,0.31,273.62,20.0,0,1284,2
80453,32.94,24.35,1.32,0.2,3.33,60.0,3,1306,1
80523,26.94,15.9,4.39,0.49,216.25,22.0,3,1306,1
80593,37.59,26.65,1.15,0.12,28.42,9.0,3,1306,1
80663,36.48,26.86,0.87,0.14,122.38,64.0,3,1306,1
80733,15.69,44.65,8.33,0.86,307.6,19.0,3,1306,1
80803,18.74,21.44,4.0,0.41,327.98,82.0,3,1306,1
80873,35.81,25.43,1.32,0.19,142.67,67.0,3,1306,1
80943,34.61,24.04,1.18,0.1,68.21,75.0,3,1306,1
81013,14.25,35.75,6.84,0.74,259.44,13.0,3,1306,1
81083,37.48,25.53,2.88,0.26,45.32,71.0,3,1306,1
81153,27.03,31.03,1.28,0.06,254.67,41.0,3,1306,1
81223,38.16,25.18,3.5,0.33,40.55,97.0,0,1306,1
81293,36.45,27.28,1.46,0.17,98.72,96.0,0,1306,1
81363,32.22,24.87,2.07,0.24,357.66,92.0,0,1306,1
81433,10.67,40.39,1.92,0.3,302.44,34.0,0,1306,1
81503,12.98,24.66,2.57,0.25,29.3,22.0,0,1306,1
81573,18.1,19.47,4.06,0.39,346.49,29.0,0,1306,1
81643,24.5,17.39,4.35,0.5,183.45,55.0,0,1306,1
81713,23.93,32.08,0.77,0.16,77.0,54.0,0,1306,1
81783,18.76,44.86,5.08,0.57,310.61,26.0,0,1306,1
81853,36.34,25.57,2.01,0.23,94.49,99.0,0,1306,1
81923,16.12,35.89,4.44,0.45,264.22,20.0,0,1306,1
90969,44.09,13.72,3.85,0.43,40.69,52.0,3,1437,1
91062,55.03,28.36,6.43,0.66,39.16,51.0,3,1437,1
91155,30.75,31.49,4.2,0.54,177.46,57.0,3,1437,1
91248,46.12,44.49,2.95,0.27,86.37,32.0,3,1437,1
91341,44.38,31.33,1.13,0.09,145.92,53.0,3,1437,1
91434,31.94,25.33,2.99,0.49,190.92,95.0,3,1437,1
91527,51.88,7.19,5.55,0.59,53.56,26.0,3,1437,1
91620,39.33,25.37,0.92,0.11,250.31,98.0,3,1437,1
91713,30.56,26.2,2.7,0.31,43.83,70.0,3,1437,1
91806,51.76,45.11,3.91,0.42,57.98,23.0,3,1437,1
91899,62.61,16.68,5.97,0.63,65.63,43.0,3,1437,1
91992,29.72,30.53,0.53,0.06,93.82,8.0,0,1437,1
92085,50.54,45.77,6.35,0.67,32.53,82.0,0,1437,1
92178,29.72,27.06,0.62,0.11,80.99,61.0,0,1437,1
92271,30.06,32.31,2.42,0.33,169.58,71.0,0,1437,1
92364,29.29,26.11,0.62,0.12,116.91,74.0,0,1437,1
92457,53.51,29.72,7.74,0.78,38.25,19.0,0,1437,1
92550,50.65,12.58,4.09,0.45,65.24,14.0,0,1437,1
92643,32.54,26.89,2.81,0.27,177.98,62.0,0,1437,1
92736,53.45,4.41,7.01,0.72,85.08,30.0,0,1437,1
92829,39.53,26.4,5.42,0.55,164.19,33.0,0,1437,1
92922,32.02,27.98,1.52,0.15,153.74,65.0,0,1437,1
93108,62.9,29.64,2.91,0.37,235.3,94.0,3,1461,1
93193,66.15,25.77,0.91,0.12,174.89,52.0,3,1461,1
93278,63.88,34.33,0.71,0.05,218.68,57.0,3,1461,1
93363,60.78,29.23,2.15,0.22,321.05,32.0,3,1461,1
93448,77.38,26.58,4.87,0.53,107.5,53.0,3,1461,1
93533,65.23,34.46,0.78,0.04,306.4,95.0,3,1461,1
93618,81.27,24.23,9.13,0.94,146.45,26.0,3,1461,1
93703,68.62,28.65,0.3,0.02,298.54,98.0,3,1461,1
93788,87.2,12.25,8.26,0.87,87.27,21.0,3,1461,1
93873,83.12,39.64,3.92,0.37,106.84,23.0,3,1461,1
93958,93.58,22.37,4.77,0.47,180.82,43.0,3,1461,1
94043,62.06,29.28,1.65,0.23,220.32,8.0,0,1461,1
94128,67.24,33.0,1.54,0.19,16.71,82.0,0,1461,1
94213,67.39,28.96,1.37,0.23,240.9,61.0,0,1461,1
94298,83.07,23.74,9.01,0.92,146.36,17.0,0,1461,1
94383,64.34,33.62,0.59,0.05,294.96,71.0,0,1461,1
94468,63.19,32.85,0.77,0.08,219.82,74.0,0,1461,1
94553,83.65,39.43,3.95,0.42,111.18,19.0,0,1461,1
94638,87.93,13.06,7.35,0.8,87.16,14.0,0,1461,1
94723,61.23,28.84,2.45,0.28,320.61,62.0,0,1461,1
94808,65.8,26.0,1.19,0.04,116.08,33.0,0,1461,1
94893,65.63,34.05,0.99,0.1,307.09,65.0,0,1461,1
95058,88.28,15.12,4.89,0.55,207.42,94.0,3,1485,4
95132,93.31,29.28,2.74,0.35,113.72,52.0,3,1485,4
95206,101.67,19.03,5.12,0.54,122.29,32.0,3,1485,4
95280,89.23,22.29,4.65,0.54,198.12,53.0,3,1485,4
95354,90.32,24.19,0.81,0.14,325.27,95.0,3,1485,4
95428,90.84,20.27,2.64,0.29,169.43,26.0,3,1485,4
95502,93.23,20.32,2.35,0.23,154.03,98.0,3,1485,4
95576,92.16,22.75,1.35,0.16,117.07,93.0,3,1485,4
95650,97.37,12.56,5.24,0.53,136.16,21.0,3,1485,4
95724,100.77,33.84,3.38,0.32,123.12,23.0,3,1485,4
95798,108.98,26.09,6.45,0.67,157.41,43.0,3,1485,4
95872,82.39,16.3,5.2,0.52,196.67,8.0,0,1485,4
95946,92.26,22.28,0.85,0.08,93.65,82.0,0,1485,4
96020,89.9,25.14,1.61,0.21,196.09,61.0,0,1485,4
96094,100.73,23.97,7.03,0.72,151.13,17.0,0,1485,4
96168,91.35,23.42,0.69,0.09,160.05,71.0,0,1485,4
96242,92.15,20.08,2.03,0.23,184.62,72.0,0,1485,4
96316,91.09,14.52,4.5,0.5,151.64,19.0,0,1485,4
96390,104.37,13.64,8.3,0.86,126.86,14.0,0,1485,4
96464,90.39,23.3,0.73,0.11,319.07,62.0,0,1485,4
96538,89.08,23.33,2.75,0.32,153.51,33.0,0,1485,4
96612,90.92,22.02,0.61,0.06,147.39,65.0,0,1485,4
103498,81.87,30.6,0.47,0.02,73.62,60.0,3,1632,1
103564,85.4,30.43,1.0,0.09,84.21,9.0,3,1632,1
103630,84.44,32.05,1.88,0.26,149.11,65.0,3,1632,1
103696,81.81,31.33,0.36,0.05,81.81,67.0,3,1632,1
103762,74.8,11.48,6.57,0.7,191.64,89.0,3,1632,1
103828,71.85,29.5,3.13,0.23,351.24,16.0,3,1632,1
103894,84.86,30.29,1.24,0.17,78.78,75.0,3,1632,1
103960,67.07,38.41,1.92,0.21,271.74,13.0,3,1632,1
104026,70.7,15.45,1.15,0.08,290.15,11.0,3,1632,1
104092,85.79,29.33,3.6,0.37,48.43,71.0,3,1632,1
104158,84.51,43.06,4.53,0.55,345.96,41.0,3,1632,1
104224,86.22,28.95,4.24,0.43,44.56,97.0,0,1632,1
104290,84.98,29.62,2.42,0.16,78.49,98.0,0,1632,1
104356,71.68,26.6,4.49,0.48,346.26,34.0,0,1632,1
104422,57.98,32.74,3.92,0.45,355.58,22.0,0,1632,1
104488,66.04,14.95,0.84,0.08,271.58,29.0,0,1632,1
104554,77.74,41.82,6.38,0.68,40.69,55.0,0,1632,1
104620,80.79,31.52,1.41,0.08,353.43,93.0,0,1632,1
104686,72.79,31.8,3.98,0.4,15.43,54.0,0,1632,1
104752,66.36,39.57,2.66,0.32,290.04,26.0,0,1632,1
104818,85.64,30.9,2.93,0.28,138.26,99.0,0,1632,1
104884,71.34,12.79,4.65,0.53,197.48,20.0,0,1632,1
111103,12.88,21.88,4.28,0.49,274.96,94.0,3,1730,1
111190,14.44,26.2,4.04,0.44,206.45,57.0,3,1730,1
111277,39.08,26.46,4.88,0.55,151.32,32.0,3,1730,1
111364,22.7,21.38,3.65,0.35,185.06,53.0,3,1730,1
111451,12.89,27.2,3.51,0.4,236.73,44.0,3,1730,1
111538,23.59,19.75,4.46,0.47,50.66,26.0,3,1730,1
111625,18.89,21.59,2.25,0.21,155.02,98.0,3,1730,1
111712,28.63,2.61,7.15,0.74,102.58,21.0,3,1730,1
111799,26.62,45.91,4.79,0.54,85.19,23.0,3,1730,1
111886,19.06,31.66,3.5,0.47,315.72,47.0,3,1730,1
111973,22.55,16.8,5.19,0.56,201.13,43.0,3,1730,1
112060,10.97,23.68,4.0,0.42,264.89,8.0,0,1730,1
112147,13.5,30.31,4.85,0.47,3.64,82.0,0,1730,1
112234,17.87,21.34,2.35,0.23,165.39,61.0,0,1730,1
112321,13.14,26.52,3.24,0.34,238.19,71.0,0,1730,1
112408,12.79,21.28,3.19,0.39,277.87,74.0,0,1730,1
112495,21.52,23.04,5.37,0.55,17.61,19.0,0,1730,1
112582,28.5,1.12,7.3,0.78,102.92,14.0,0,1730,1
112669,15.79,26.32,3.42,0.41,235.96,62.0,0,1730,1
112756,26.57,48.89,5.67,0.66,76.41,11.0,0,1730,1
112843,11.66,16.14,5.7,0.62,166.75,33.0,0,1730,1
112930,19.54,18.97,5.52,0.55,181.47,65.0,0,1730,1
114840,32.37,21.46,4.29,0.45,37.25,94.0,3,1809,1
114919,23.22,23.81,1.67,0.03,297.88,57.0,3,1809,1
114998,44.03,24.57,3.8,0.38,320.49,32.0,3,1809,1
115077,40.32,31.8,3.38,0.38,280.7,53.0,3,1809,1
115156,24.18,31.61,2.35,0.26,44.67,44.0,3,1809,1
115235,40.22,10.92,2.4,0.26,57.49,26.0,3,1809,1
115314,29.32,29.85,0.48,0.04,309.97,98.0,3,1809,1
115393,52.1,11.54,4.51,0.5,80.55,21.0,3,1809,1
115472,51.09,42.22,3.94,0.52,60.08,23.0,3,1809,1
115551,38.56,36.14,2.17,0.24,208.69,47.0,3,1809,1
115630,58.02,30.48,3.97,0.49,34.16,43.0,3,1809,1
115709,26.39,28.59,0.89,0.07,48.14,8.0,0,1809,1
115788,30.65,15.2,4.96,0.56,165.08,82.0,0,1809,1
115867,24.49,23.68,1.18,0.02,264.03,61.0,0,1809,1
115946,24.85,30.72,1.52,0.21,9.59,71.0,0,1809,1
116025,29.29,22.26,3.2,0.35,35.38,74.0,0,1809,1
116104,50.44,12.34,6.6,0.81,80.51,19.0,0,1809,1
116183,43.61,15.85,1.97,0.17,95.66,14.0,0,1809,1
116262,28.49,29.53,0.47,0.12,316.9,62.0,0,1809,1
116341,52.52,40.94,7.41,0.81,66.06,11.0,0,1809,1
116420,35.72,34.22,1.61,0.1,172.98,33.0,0,1809,1
116499,27.32,25.49,0.65,0.07,42.15,65.0,0,1809,1
116651,27.07,25.2,3.42,0.45,305.04,94.0,3,1833,1
116751,28.6,31.93,2.91,0.34,209.07,57.0,3,1833,1
116851,42.25,22.4,3.22,0.32,78.55,32.0,3,1833,1
116951,31.07,26.69,1.99,0.22,229.31,53.0,3,1833,1
117051,31.05,31.02,0.8,0.08,163.92,44.0,3,1833,1
117151,47.27,21.69,7.67,0.79,56.61,26.0,3,1833,1
117251,29.23,26.39,1.35,0.2,246.8,98.0,3,1833,1
117351,51.2,7.99,5.42,0.57,87.27,21.0,3,1833,1
117451,42.97,39.67,3.52,0.36,144.59,23.0,3,1833,1
117551,34.85,22.8,1.84,0.23,162.5,47.0,3,1833,1
117651,24.35,29.67,7.06,0.77,224.41,43.0,3,1833,1
117751,27.15,30.06,0.33,0.03,238.18,8.0,0,1833,1
117851,27.77,24.82,3.31,0.39,285.76,82.0,0,1833,1
117951,30.62,30.05,0.67,0.11,289.57,61.0,0,1833,1
118051,26.34,31.85,2.44,0.31,250.6,71.0,0,1833,1
118151,30.06,27.74,0.35,0.06,318.69,74.0,0,1833,1
118251,46.94,25.69,8.07,0.85,52.25,19.0,0,1833,1
118351,47.43,7.01,7.29,0.79,106.62,14.0,0,1833,1
118451,28.72,33.59,2.16,0.28,249.84,62.0,0,1833,1
118551,43.78,41.12,5.8,0.59,97.71,11.0,0,1833,1
118651,26.97,27.08,2.25,0.26,283.41,33.0,0,1833,1
118751,29.94,30.75,0.55,0.12,250.48,65.0,0,1833,1
118949,71.97,26.25,3.98,0.51,322.61,94.0,3,1874,1
119016,76.54,27.19,1.79,0.28,18.07,57.0,3,1874,1
119083,101.05,16.47,1.01,0.16,355.07,32.0,3,1874,1
119150,89.09,28.23,1.89,0.19,209.38,53.0,3,1874,1
119217,74.29,32.1,2.04,0.26,168.74,44.0,3,1874,1
119284,87.61,20.82,2.57,0.33,357.73,26.0,3,1874,1
119351,75.25,30.75,2.49,0.29,331.1,98.0,3,1874,1
119418,85.06,7.69,2.77,0.25,17.27,21.0,3,1874,1
119485,86.1,42.19,1.05,0.11,116.61,23.0,3,1874,1
119552,86.96,32.08,3.84,0.42,169.02,47.0,3,1874,1
119619,97.98,34.31,2.05,0.16,195.23,43.0,3,1874,1
119686,73.04,29.92,0.37,0.03,153.16,8.0,0,1874,1
119753,86.19,26.59,1.28,0.1,125.37,82.0,0,1874,1
119820,74.11,26.7,1.01,0.17,312.83,61.0,0,1874,1
119887,73.57,31.42,1.61,0.18,197.38,71.0,0,1874,1
119954,72.62,26.33,3.03,0.39,298.55,74.0,0,1874,1
120021,87.22,12.45,5.36,0.58,127.96,19.0,0,1874,1
120088,77.93,8.26,0.73,0.07,337.17,14.0,0,1874,1
120155,75.64,30.6,1.61,0.25,318.84,62.0,0,1874,1
120222,85.16,37.15,1.77,0.17,168.67,11.0,0,1874,1
120289,84.47,42.74,7.12,0.78,56.24,33.0,0,1874,1
120356,75.41,29.46,0.81,0.12,336.33,65.0,0,1874,1
120493,77.98,21.6,1.95,0.28,301.85,94.0,3,1898,0
120564,85.09,21.41,3.02,0.31,154.49,57.0,3,1898,0
120635,106.19,15.16,4.48,0.49,164.72,32.0,3,1898,0
120706,96.48,25.48,2.28,0.21,133.3,53.0,3,1898,0
120777,76.2,23.71,4.54,0.5,188.34,44.0,3,1898,0
120848,93.94,32.44,3.02,0.32,130.82,26.0,3,1898,0
120919,81.21,22.25,1.0,0.06,218.97,98.0,3,1898,0
120990,96.2,6.95,4.4,0.48,105.99,21.0,3,1898,0
121061,95.98,42.41,3.1,0.33,80.21,23.0,3,1898,0
121132,92.28,17.43,2.23,0.18,140.19,47.0,3,1898,0
121203,106.49,37.83,4.08,0.46,45.61,43.0,3,1898,0
121274,78.04,23.78,0.26,0.05,158.03,8.0,0,1898,0
121345,91.95,6.76,6.2,0.7,174.43,82.0,0,1898,0
121416,80.7,22.67,0.24,0.03,245.5,61.0,0,1898,0
121487,77.21,25.92,2.57,0.34,225.93,71.0,0,1898,0
121558,78.47,22.38,1.53,0.17,302.2,74.0,0,1898,0
121629,91.3,42.52,4.44,0.49,7.38,19.0,0,1898,0
121700,99.57,10.21,6.68,0.74,121.08,14.0,0,1898,0
121771,82.35,24.74,2.45,0.27,206.05,62.0,0,1898,0
121842,99.88,41.56,6.45,0.72,61.67,11.0,0,1898,0
121913,88.06,26.04,3.21,0.32,110.33,33.0,0,1898,0
121984,84.16,22.1,2.83,0.32,155.99,65.0,0,1898,0
122121,106.37,13.63,2.04,0.22,40.8,94.0,3,1956,2
122193,113.76,9.59,3.03,0.37,156.45,32.0,3,1956,2
122265,111.89,25.54,0.99,0.13,139.35,53.0,3,1956,2
122337,99.98,24.55,1.75,0.17,188.1,95.0,3,1956,2
122409,106.69,35.31,3.0,0.33,132.61,26.0,3,1956,2
122481,98.06,19.22,2.5,0.28,219.86,98.0,3,1956,2
122553,99.51,28.89,1.14,0.14,318.24,93.0,3,1956,2
122625,105.6,9.24,2.04,0.21,74.69,21.0,3,1956,2
122697,109.41,42.31,4.1,0.45,76.36,23.0,3,1956,2
122769,107.02,31.48,2.28,0.25,119.67,47.0,3,1956,2
122841,113.96,39.04,4.51,0.46,22.52,43.0,3,1956,2
122913,96.0,23.27,0.36,0.04,192.34,8.0,0,1956,2
122985,110.31,9.52,6.06,0.67,126.45,82.0,0,1956,2
123057,98.01,21.08,1.15,0.15,235.1,61.0,0,1956,2
123129,110.54,40.83,7.15,0.76,52.93,17.0,0,1956,2
123201,98.54,28.35,0.76,0.16,323.14,71.0,0,1956,2
123273,97.3,19.98,1.34,0.16,252.87,74.0,0,1956,2
123345,109.37,33.03,5.22,0.61,93.85,19.0,0,1956,2
123417,99.39,27.93,1.04,0.17,315.43,62.0,0,1956,2
123489,104.69,35.54,5.25,0.55,168.14,11.0,0,1956,2
123561,105.26,13.03,5.14,0.58,21.33,33.0,0,1956,2
123633,99.14,24.98,1.01,0.08,195.3,65.0,0,1956,2
123778,99.11,27.56,2.14,0.23,192.69,94.0,3,1978,1
123850,110.13,29.12,4.91,0.6,346.1,32.0,3,1978,1
123922,91.5,23.32,5.82,0.63,270.35,53.0,3,1978,1
123994,94.02,25.32,4.36,0.49,255.25,95.0,3,1978,1
124066,107.16,26.91,6.44,0.72,8.38,26.0,3,1978,1
124138,95.41,19.09,2.61,0.3,266.74,98.0,3,1978,1
124210,96.88,29.28,1.92,0.25,298.02,93.0,3,1978,1
124282,110.87,13.17,3.43,0.34,147.65,21.0,3,1978,1
124354,111.75,39.15,6.12,0.64,130.1,23.0,3,1978,1
124426,93.91,19.11,5.66,0.58,294.67,47.0,3,1978,1
124498,108.72,17.63,5.3,0.56,172.62,43.0,3,1978,1
124570,90.62,22.84,5.07,0.51,247.24,8.0,0,1978,1
124642,104.93,13.17,5.22,0.57,161.38,82.0,0,1978,1
124714,96.59,20.91,2.86,0.3,266.65,61.0,0,1978,1
124786,105.85,28.23,6.5,0.72,3.81,17.0,0,1978,1
124858,96.49,28.25,1.5,0.2,295.76,71.0,0,1978,1
124930,94.47,20.55,2.74,0.23,273.81,74.0,0,1978,1
125002,111.91,15.34,6.01,0.66,113.28,19.0,0,1978,1
125074,98.26,27.42,1.05,0.09,208.35,62.0,0,1978,1
125146,111.87,38.25,6.76,0.72,128.18,11.0,0,1978,1
125218,96.42,25.45,1.33,0.17,320.98,33.0,0,1978,1
125290,97.16,25.31,1.74,0.19,270.58,65.0,0,1978,1
125430,105.91,17.72,1.66,0.17,223.68,94.0,3,2002,4
125488,109.95,17.93,3.02,0.34,155.56,32.0,3,2002,4
125546,109.3,21.39,3.08,0.33,200.04,53.0,3,2002,4
125604,105.81,24.45,1.03,0.15,252.93,95.0,3,2002,4
125662,109.51,39.35,4.32,0.45,6.88,26.0,3,2002,4
125720,105.47,22.72,0.98,0.14,239.61,98.0,3,2002,4
125778,105.18,26.65,1.0,0.11,240.31,93.0,3,2002,4
125836,111.41,6.24,4.56,0.47,153.87,21.0,3,2002,4
125894,111.34,45.26,3.41,0.4,15.75,23.0,3,2002,4
125952,111.09,31.11,2.12,0.24,105.11,47.0,3,2002,4
126010,113.92,29.46,1.73,0.16,177.5,43.0,3,2002,4
126068,101.76,23.5,0.44,0.05,211.99,8.0,0,2002,4
126126,105.08,18.85,1.01,0.09,196.79,82.0,0,2002,4
126184,105.01,24.67,1.25,0.12,274.95,61.0,0,2002,4
126242,104.78,27.59,0.59,0.07,246.67,71.0,0,2002,4
126300,104.64,23.06,1.06,0.14,247.88,74.0,0,2002,4
126358,108.53,39.69,4.5,0.53,12.45,19.0,0,2002,4
126416,110.89,6.31,5.14,0.51,147.13,14.0,0,2002,4
126474,104.54,27.19,0.92,0.17,267.73,62.0,0,2002,4
126532,110.53,46.4,3.7,0.39,22.28,11.0,0,2002,4
126590,102.75,22.21,2.06,0.19,185.89,33.0,0,2002,4
126648,104.67,25.97,1.39,0.2,289.87,65.0,0,2002,4
134775,77.2,25.97,2.33,0.26,103.46,94.0,3,2155,1
134855,76.54,21.63,1.66,0.14,1.19,57.0,3,2155,1
134935,59.34,26.84,5.02,0.52,212.96,32.0,3,2155,1
135015,62.46,27.97,5.17,0.55,326.44,53.0,3,2155,1
135095,75.27,26.2,2.92,0.32,43.58,95.0,3,2155,1
135175,63.9,33.98,5.71,0.57,282.77,26.0,3,2155,1
135255,73.36,21.01,0.27,0.07,288.41,98.0,3,2155,1
135335,59.55,46.5,7.64,0.76,286.32,21.0,3,2155,1
135415,66.67,20.45,4.09,0.46,340.0,23.0,3,2155,1
135495,57.48,5.14,7.17,0.76,255.43,47.0,3,2155,1
135575,47.31,28.5,7.15,0.72,327.66,43.0,3,2155,1
135655,77.05,23.93,0.32,0.05,292.42,8.0,0,2155,1
135735,60.06,26.06,5.99,0.64,230.86,82.0,0,2155,1
135815,75.52,25.62,1.53,0.16,57.74,61.0,0,2155,1
135895,62.22,34.0,6.87,0.71,283.58,17.0,0,2155,1
135975,77.15,22.1,1.3,0.13,18.57,71.0,0,2155,1
136055,76.67,25.27,1.23,0.14,120.45,74.0,0,2155,1
136135,67.3,20.66,3.09,0.46,344.53,19.0,0,2155,1
136215,59.83,48.24,8.52,0.87,284.96,14.0,0,2155,1
136295,74.41,21.89,0.41,0.14,108.5,62.0,0,2155,1
136375,57.24,4.23,8.15,0.83,259.47,33.0,0,2155,1
136455,74.38,25.09,1.24,0.15,20.39,65.0,0,2155,1
140024,34.55,33.31,2.11,0.28,203.47,94.0,3,2241,0
140086,37.51,24.16,1.54,0.22,267.28,57.0,3,2241,0
140148,24.5,26.88,4.71,0.53,42.92,32.0,3,2241,0
140210,26.14,37.81,3.59,0.45,23.98,53.0,3,2241,0
140272,31.61,33.23,1.05,0.12,295.73,95.0,3,2241,0
140334,25.42,11.68,0.77,0.09,301.95,26.0,3,2241,0
140396,33.57,26.41,2.46,0.28,281.8,98.0,3,2241,0
140458,22.1,40.18,1.25,0.1,206.84,21.0,3,2241,0
140520,16.23,8.9,1.68,0.22,270.86,23.0,3,2241,0
140582,23.24,44.24,4.47,0.49,322.97,47.0,3,2241,0
140644,13.87,36.51,0.74,0.13,13.09,43.0,3,2241,0
140706,35.81,30.65,0.95,0.12,272.8,8.0,0,2241,0
140768,25.16,37.55,0.68,0.06,170.4,82.0,0,2241,0
140830,32.67,32.73,1.2,0.21,335.25,61.0,0,2241,0
140892,38.24,25.79,0.6,0.08,39.61,71.0,0,2241,0
140954,35.13,32.72,1.22,0.16,183.64,74.0,0,2241,0
141016,25.61,27.8,2.28,0.23,27.37,19.0,0,2241,0
141078,35.06,26.74,1.83,0.19,276.01,75.0,0,2241,0
141140,23.73,7.12,4.14,0.44,212.86,14.0,0,2241,0
141202,30.87,7.56,0.69,0.07,155.59,11.0,0,2241,0
141264,23.89,45.14,6.38,0.67,316.78,33.0,0,2241,0
141326,33.99,27.41,0.9,0.13,288.83,65.0,0,2241,0
143282,19.99,22.64,2.2,0.27,257.4,94.0,3,2297,2
143341,9.47,14.61,3.46,0.35,147.22,32.0,3,2297,2
143400,14.72,27.02,2.38,0.19,204.66,53.0,3,2297,2
143459,27.43,28.62,2.48,0.28,114.36,95.0,3,2297,2
143518,19.44,17.83,4.45,0.49,197.21,26.0,3,2297,2
143577,27.43,33.41,1.24,0.21,55.04,98.0,3,2297,2
143636,27.46,23.46,0.62,0.04,154.46,93.0,3,2297,2
143695,18.31,45.54,2.29,0.26,302.0,21.0,3,2297,2
143754,17.81,8.19,1.36,0.23,262.22,23.0,3,2297,2
143813,19.02,35.74,2.64,0.27,227.75,47.0,3,2297,2
143872,9.15,40.92,2.11,0.29,268.02,43.0,3,2297,2
143931,30.45,28.19,0.69,0.07,161.79,8.0,0,2297,2
143990,21.35,44.02,5.45,0.63,348.32,82.0,0,2297,2
144049,27.71,32.4,0.99,0.2,52.98,61.0,0,2297,2
144108,18.61,24.84,2.41,0.3,291.81,17.0,0,2297,2
144167,28.24,24.68,0.48,0.08,109.47,71.0,0,2297,2
144226,28.13,33.0,1.06,0.16,67.38,74.0,0,2297,2
144285,19.64,10.98,3.5,0.48,319.14,19.0,0,2297,2
144344,18.48,39.6,3.87,0.44,215.73,14.0,0,2297,2
144403,27.49,27.25,1.46,0.17,70.3,62.0,0,2297,2
144462,23.68,16.13,6.83,0.69,191.53,33.0,0,2297,2
144521,27.66,29.22,1.33,0.15,104.83,65.0,0,2297,2
150396,27.37,21.16,2.31,0.26,166.65,60.0,3,2393,2
150478,32.66,14.11,4.1,0.48,151.18,22.0,3,2393,2
150560,25.14,10.35,6.0,0.64,184.02,9.0,3,2393,2
150642,67.22,24.21,8.85,0.92,125.93,19.0,3,2393,2
150724,22.6,21.13,2.98,0.3,148.44,65.0,3,2393,2
150806,26.85,15.86,4.14,0.47,171.2,67.0,3,2393,2
150888,31.27,39.89,3.76,0.41,34.39,89.0,3,2393,2
150970,59.83,44.24,6.35,0.63,53.39,16.0,3,2393,2
151052,28.08,17.53,3.96,0.37,151.74,75.0,3,2393,2
151134,41.91,8.37,5.76,0.63,191.95,13.0,3,2393,2
151216,27.08,22.05,2.49,0.25,154.72,71.0,3,2393,2
151298,29.97,23.19,4.49,0.47,143.37,97.0,0,2393,2
151380,29.34,17.11,4.9,0.55,145.88,96.0,0,2393,2
151462,53.44,41.48,6.65,0.66,62.28,23.0,0,2393,2
151544,28.36,13.79,5.65,0.59,166.78,92.0,0,2393,2
151626,39.6,41.05,1.36,0.15,224.5,34.0,0,2393,2
151708,58.44,12.36,4.82,0.53,156.65,22.0,0,2393,2
151790,67.04,27.41,8.78,0.91,124.22,29.0,0,2393,2
151872,33.24,14.55,6.19,0.63,151.07,55.0,0,2393,2
151954,32.79,19.81,5.88,0.61,142.68,54.0,0,2393,2
152036,42.56,8.6,5.2,0.57,191.54,26.0,0,2393,2
152118,25.98,11.74,7.24,0.79,177.9,99.0,0,2393,2
156228,86.37,28.45,2.12,0.3,104.74,94.0,3,2476,1
156286,83.8,19.2,1.12,0.17,53.4,57.0,3,2476,1
156344,61.43,15.85,2.53,0.33,274.07,32.0,3,2476,1
156402,71.65,30.2,3.5,0.33,357.57,53.0,3,2476,1
156460,74.82,40.32,1.39,0.25,309.26,26.0,3,2476,1
156518,82.29,24.72,2.04,0.22,11.72,98.0,3,2476,1
156576,76.42,28.97,5.28,0.53,336.64,93.0,3,2476,1
156634,73.73,46.91,2.73,0.3,268.37,21.0,3,2476,1
156692,72.86,9.27,4.1,0.44,271.82,23.0,3,2476,1
156750,74.53,18.71,1.89,0.21,262.4,47.0,3,2476,1
156808,61.25,39.45,3.17,0.43,320.67,43.0,3,2476,1
156866,86.36,24.69,0.35,0.05,8.25,8.0,0,2476,1
156924,76.46,15.54,4.42,0.57,250.65,82.0,0,2476,1
156982,83.83,26.14,1.46,0.14,75.48,61.0,0,2476,1
157040,84.91,19.91,0.87,0.12,84.71,71.0,0,2476,1
157098,86.19,27.49,2.14,0.31,108.77,74.0,0,2476,1
157156,76.15,32.63,3.03,0.26,317.31,19.0,0,2476,1
157214,72.65,11.25,5.91,0.65,281.22,14.0,0,2476,1
157272,82.6,21.09,1.78,0.27,114.61,62.0,0,2476,1
157330,73.67,42.61,6.97,0.73,307.53,11.0,0,2476,1
157388,81.64,45.19,0.45,0.01,268.32,33.0,0,2476,1
157446,83.32,23.94,1.33,0.2,62.28,65.0,0,2476,1
157572,75.75,30.16,2.09,0.26,302.27,94.0,3,2504,1
157653,83.73,28.72,3.09,0.35,77.84,57.0,3,2504,1
157734,85.04,25.67,0.95,0.13,133.33,32.0,3,2504,1
157815,82.76,30.29,4.39,0.52,66.74,53.0,3,2504,1
157896,60.88,36.77,5.89,0.58,332.0,26.0,3,2504,1
157977,80.93,31.93,1.91,0.25,115.05,98.0,3,2504,1
158058,59.35,31.03,5.93,0.63,292.59,48.0,3,2504,1
158139,60.63,15.88,3.41,0.33,302.37,21.0,3,2504,1
158220,58.57,37.25,7.22,0.76,271.53,23.0,3,2504,1
158301,68.68,43.62,4.94,0.49,314.84,47.0,3,2504,1
158382,86.27,30.24,4.27,0.51,112.99,43.0,3,2504,1
158463,83.19,29.62,0.74,0.07,135.59,8.0,0,2504,1
158544,69.83,44.22,4.82,0.53,330.57,82.0,0,2504,1
158625,77.54,29.96,0.22,0.07,211.8,61.0,0,2504,1
158706,83.93,27.34,1.26,0.18,112.58,71.0,0,2504,1
158787,84.91,30.41,3.17,0.39,121.84,74.0,0,2504,1
158868,62.87,40.19,7.18,0.74,321.89,19.0,0,2504,1
158949,58.16,36.68,8.28,0.87,273.06,14.0,0,2504,1
159030,82.9,28.42,2.78,0.24,80.63,62.0,0,2504,1
159111,61.12,15.02,4.13,0.42,308.15,11.0,0,2504,1
159192,83.46,29.33,3.22,0.35,69.37,33.0,0,2504,1
159273,79.82,32.28,1.53,0.17,24.02,65.0,0,2504,1
162762,64.93,23.65,2.45,0.18,165.4,94.0,3,2579,1
162843,66.13,20.85,3.51,0.43,102.28,57.0,3,2579,1
162924,50.9,32.47,1.03,0.06,19.17,32.0,3,2579,1
163005,55.31,29.33,2.47,0.28,20.82,53.0,3,2579,1
163086,64.87,22.37,0.52,0.02,17.6,44.0,3,2579,1
163167,55.73,40.14,2.49,0.37,311.52,26.0,3,2579,1
163248,62.94,25.68,2.02,0.22,11.27,98.0,3,2579,1
163329,46.84,45.23,2.89,0.36,264.49,21.0,3,2579,1
163410,52.65,15.38,3.06,0.3,322.08,23.0,3,2579,1
163491,55.79,20.15,2.05,0.23,322.95,47.0,3,2579,1
163572,43.41,27.03,3.7,0.38,334.23,43.0,3,2579,1
163653,68.95,24.2,0.71,0.08,49.76,8.0,0,2579,1
163734,53.97,33.15,3.46,0.4,269.19,82.0,0,2579,1
163815,64.16,23.62,1.41,0.17,169.68,61.0,0,2579,1
163896,56.95,39.04,2.74,0.26,293.34,17.0,0,2579,1
163977,66.88,21.94,2.31,0.29,81.77,71.0,0,2579,1
164058,66.52,24.4,1.75,0.24,129.46,74.0,0,2579,1
164139,59.75,24.92,7.11,0.73,357.56,19.0,0,2579,1
164220,60.67,31.59,4.3,0.51,297.63,21.0,0,2579,1
164301,54.29,45.29,5.63,0.62,270.32,14.0,0,2579,1
164382,65.54,23.01,1.24,0.12,103.67,62.0,0,2579,1
164463,65.75,23.73,0.78,0.09,85.44,65.0,0,2579,1
166762,17.3,22.05,1.08,0.16,246.46,60.0,3,2626,1
166828,20.24,24.46,2.85,0.34,81.6,22.0,3,2626,1
166894,15.26,23.47,0.23,0.02,291.2,9.0,3,2626,1
166960,16.67,18.39,0.92,0.18,245.7,65.0,3,2626,1
167026,17.01,21.42,1.09,0.08,244.12,67.0,3,2626,1
167092,26.45,38.4,5.75,0.61,144.0,16.0,3,2626,1
167158,15.89,25.53,0.78,0.12,205.16,75.0,3,2626,1
167224,27.31,12.97,6.31,0.62,42.2,13.0,3,2626,1
167290,18.09,43.11,1.38,0.1,133.01,11.0,3,2626,1
167356,14.32,27.05,2.36,0.32,250.84,71.0,3,2626,1
167422,18.19,7.22,0.79,0.04,88.76,41.0,3,2626,1
167488,14.04,27.91,3.18,0.38,253.0,97.0,0,2626,1
167554,32.05,42.07,5.13,0.54,121.04,23.0,0,2626,1
167620,16.59,25.88,1.26,0.11,181.05,92.0,0,2626,1
167686,32.94,34.91,1.45,0.14,131.79,34.0,0,2626,1
167752,37.51,15.27,3.03,0.32,342.24,22.0,0,2626,1
167818,23.41,11.76,1.21,0.14,132.85,55.0,0,2626,1
167884,17.89,21.38,0.84,0.19,289.86,93.0,0,2626,1
167950,24.2,24.38,1.96,0.19,100.08,54.0,0,2626,1
168016,29.93,8.03,3.8,0.37,37.93,26.0,0,2626,1
168082,17.29,17.4,1.55,0.21,209.64,99.0,0,2626,1
168148,24.73,33.65,2.05,0.16,141.83,20.0,0,2626,1
169552,34.14,23.01,1.23,0.12,318.96,60.0,3,2671,1
169628,33.62,28.5,0.88,0.15,236.2,84.0,3,2671,1
169704,39.16,26.25,2.81,0.29,80.56,22.0,3,2671,1
169780,31.45,24.9,1.05,0.1,325.98,9.0,3,2671,1
169856,47.51,46.7,3.01,0.29,49.15,19.0,3,2671,1
169932,31.61,20.75,2.06,0.19,340.19,65.0,3,2671,1
170008,33.35,21.36,2.09,0.25,258.39,67.0,3,2671,1
170084,43.87,32.71,5.41,0.58,90.97,89.0,3,2671,1
170160,34.38,25.23,1.21,0.23,289.04,75.0,3,2671,1
170236,50.47,3.56,5.75,0.63,102.74,13.0,3,2671,1
170312,33.71,27.05,0.64,0.15,211.34,71.0,3,2671,1
170388,34.55,27.99,1.07,0.15,222.41,97.0,0,2671,1
170464,52.48,45.46,4.16,0.51,76.86,23.0,0,2671,1
170540,35.21,25.71,1.9,0.24,358.37,92.0,0,2671,1
170616,49.64,32.06,2.75,0.22,22.09,34.0,0,2671,1
170692,55.71,18.33,2.74,0.25,52.01,22.0,0,2671,1
170768,42.52,22.28,3.41,0.35,16.86,55.0,0,2671,1
170844,34.88,23.15,1.34,0.16,350.55,93.0,0,2671,1
170920,44.26,29.34,4.4,0.44,20.82,54.0,0,2671,1
170996,50.81,4.49,5.96,0.72,111.65,26.0,0,2671,1
171072,32.09,20.88,3.13,0.38,343.75,99.0,0,2671,1
171148,43.06,35.1,3.67,0.35,56.83,20.0,0,2671,1
171313,46.07,36.75,0.78,0.08,204.93,60.0,3,2695,1
171411,45.4,26.6,1.61,0.17,222.38,84.0,3,2695,1
171509,47.6,47.42,3.9,0.42,47.97,22.0,3,2695,1
171607,42.15,27.79,1.03,0.14,108.84,9.0,3,2695,1
171705,49.09,34.65,1.82,0.22,162.96,65.0,3,2695,1
171803,43.5,34.22,1.71,0.17,176.31,67.0,3,2695,1
171901,51.06,44.91,2.54,0.27,75.11,89.0,3,2695,1
171999,47.21,40.84,0.16,0.03,274.43,75.0,3,2695,1
172097,62.41,18.26,7.92,0.82,156.5,13.0,3,2695,1
172195,70.43,7.85,8.0,0.81,92.47,11.0,3,2695,1
172293,49.24,41.54,2.06,0.2,111.3,71.0,3,2695,1
172391,50.31,44.03,1.5,0.19,88.77,97.0,0,2695,1
172489,47.29,34.36,3.41,0.37,152.37,98.0,0,2695,1
172587,57.8,40.84,2.37,0.24,59.48,23.0,0,2695,1
172685,67.59,20.36,7.46,0.79,133.29,34.0,0,2695,1
172783,59.35,17.23,6.05,0.61,137.16,22.0,0,2695,1
172881,60.91,26.11,6.69,0.7,141.61,29.0,0,2695,1
172979,57.67,22.55,5.58,0.59,160.03,55.0,0,2695,1
173077,51.6,37.77,3.19,0.34,162.5,93.0,0,2695,1
173175,53.44,41.11,2.49,0.28,127.93,54.0,0,2695,1
173273,69.25,7.4,7.37,0.76,102.22,26.0,0,2695,1
173371,46.52,26.58,1.15,0.12,223.76,99.0,0,2695,1
174976,101.05,28.03,1.1,0.11,290.82,60.0,3,2753,2
175038,97.58,25.72,0.5,0.02,226.23,9.0,3,2753,2
175100,112.39,48.0,6.41,0.68,59.69,19.0,3,2753,2
175162,108.22,37.55,4.01,0.49,11.6,82.0,3,2753,2
175224,98.39,23.53,1.14,0.18,330.28,65.0,3,2753,2
175286,100.3,26.0,2.26,0.31,278.96,67.0,3,2753,2
175348,110.36,16.39,1.98,0.21,77.84,16.0,3,2753,2
175410,100.67,28.8,1.22,0.16,257.5,75.0,3,2753,2
175472,110.89,6.67,4.66,0.54,145.78,13.0,3,2753,2
175534,98.46,28.36,2.23,0.28,234.81,71.0,3,2753,2
175596,106.31,23.63,3.88,0.42,86.99,41.0,3,2753,2
175658,99.14,28.23,2.64,0.25,224.51,97.0,0,2753,2
175720,100.08,26.79,2.84,0.33,271.28,98.0,0,2753,2
175782,111.51,7.33,2.78,0.38,158.65,23.0,0,2753,2
175844,113.72,22.29,4.26,0.51,187.71,34.0,0,2753,2
175906,109.41,37.51,3.27,0.38,6.68,22.0,0,2753,2
175968,112.68,46.78,5.01,0.55,50.18,29.0,0,2753,2
176030,108.76,28.84,2.09,0.24,174.69,55.0,0,2753,2
176092,101.1,29.15,1.18,0.15,260.58,93.0,0,2753,2
176154,107.62,21.35,3.59,0.41,155.53,54.0,0,2753,2
176216,98.84,22.75,1.11,0.18,331.23,99.0,0,2753,2
176278,110.71,15.82,1.02,0.1,39.88,20.0,0,2753,2
176408,100.11,24.18,0.2,0.05,237.91,60.0,3,2775,2
176469,96.13,25.62,0.56,0.06,194.58,9.0,3,2775,2
176530,110.64,37.64,2.43,0.26,139.99,19.0,3,2775,2
176591,96.64,25.06,2.1,0.32,334.74,65.0,3,2775,2
176652,97.3,23.55,2.5,0.34,261.83,67.0,3,2775,2
176713,113.35,36.76,6.44,0.69,48.7,89.0,3,2775,2
176774,106.7,20.74,6.33,0.67,176.18,16.0,3,2775,2
176835,97.68,26.49,1.05,0.14,276.48,75.0,3,2775,2
176896,113.85,16.39,6.13,0.65,35.97,13.0,3,2775,2
176957,96.35,26.73,2.15,0.21,216.43,71.0,3,2775,2
177018,103.78,7.65,5.6,0.61,141.03,41.0,3,2775,2
177079,95.65,26.71,3.14,0.31,209.38,97.0,0,2775,2
177140,97.67,26.97,1.5,0.13,286.64,96.0,0,2775,2
177201,111.09,14.71,4.92,0.53,16.27,23.0,0,2775,2
177262,100.65,23.65,0.35,0.03,243.12,92.0,0,2775,2
177323,114.09,27.55,1.79,0.19,1.22,34.0,0,2775,2
177384,108.82,9.43,3.49,0.41,164.41,22.0,0,2775,2
177445,113.03,38.42,2.54,0.28,142.58,29.0,0,2775,2
177506,108.19,19.75,0.63,0.07,207.46,55.0,0,2775,2
177567,107.31,23.85,2.87,0.36,149.04,54.0,0,2775,2
177628,96.31,24.05,3.19,0.36,306.38,99.0,0,2775,2
177689,111.43,37.74,3.66,0.4,66.46,20.0,0,2775,2
181631,100.72,36.21,4.95,0.54,359.37,94.0,3,2838,2
181692,108.76,34.19,6.11,0.67,44.03,52.0,3,2838,2
181753,104.66,25.97,4.82,0.43,19.45,57.0,3,2838,2
181814,80.52,40.39,4.31,0.5,0.02,32.0,3,2838,2
181875,89.82,26.76,4.92,0.53,329.1,53.0,3,2838,2
181936,98.93,22.14,1.18,0.07,276.23,95.0,3,2838,2
181997,93.82,24.83,4.49,0.48,309.97,26.0,3,2838,2
182058,102.85,28.46,2.46,0.3,31.19,93.0,3,2838,2
182119,96.97,40.9,5.55,0.59,1.86,21.0,3,2838,2
182180,91.56,13.59,2.51,0.28,297.57,23.0,3,2838,2
182241,78.93,23.45,5.82,0.65,339.83,43.0,3,2838,2
182302,109.88,34.71,6.46,0.67,34.93,8.0,0,2838,2
182363,98.58,31.79,1.98,0.23,314.68,82.0,0,2838,2
182424,99.36,22.95,0.38,0.07,92.37,61.0,0,2838,2
182485,100.08,19.7,0.73,0.09,173.75,71.0,0,2838,2
182546,102.06,27.9,1.74,0.23,105.71,74.0,0,2838,2
182607,87.51,38.76,4.6,0.67,318.68,19.0,0,2838,2
182668,101.06,40.96,7.61,0.81,354.77,14.0,0,2838,2
182729,103.05,22.72,1.66,0.2,51.64,62.0,0,2838,2
182790,90.29,24.09,7.41,0.78,339.24,11.0,0,2838,2
182851,103.66,19.92,1.94,0.16,175.14,33.0,0,2838,2
182912,99.41,19.69,3.94,0.39,196.65,65.0,0,2838,2
184668,105.46,25.47,2.09,0.32,61.97,94.0,3,2881,1
184754,97.5,17.0,1.58,0.21,201.16,52.0,3,2881,1
184840,107.28,24.41,3.79,0.56,32.42,57.0,3,2881,1
184926,72.68,19.37,4.94,0.48,304.4,32.0,3,2881,1
185012,86.97,35.38,5.86,0.59,336.86,53.0,3,2881,1
185098,103.91,18.39,1.75,0.19,244.15,44.0,3,2881,1
185184,91.6,43.41,6.86,0.72,340.67,26.0,3,2881,1
185270,106.68,27.63,4.64,0.55,106.31,98.0,3,2881,1
185356,86.99,16.83,6.31,0.69,324.44,21.0,3,2881,1
185442,80.91,35.3,5.62,0.65,292.14,23.0,3,2881,1
185528,78.42,31.2,5.93,0.61,303.64,43.0,3,2881,1
185614,107.47,26.64,0.65,0.07,352.77,8.0,0,2881,1
185700,92.69,44.22,6.56,0.69,345.97,82.0,0,2881,1
185786,104.42,25.01,1.69,0.2,38.68,61.0,0,2881,1
185872,106.16,19.52,1.35,0.17,170.34,71.0,0,2881,1
185958,106.53,27.08,2.79,0.3,66.84,74.0,0,2881,1
186044,84.66,38.64,7.79,0.8,321.24,19.0,0,2881,1
186130,81.31,33.6,6.1,0.66,258.79,14.0,0,2881,1
186216,106.38,22.88,2.44,0.27,44.23,62.0,0,2881,1
186302,84.61,17.21,5.15,0.57,310.87,11.0,0,2881,1
186388,103.6,17.03,2.49,0.3,224.93,33.0,0,2881,1
186474,103.28,26.62,1.79,0.24,31.21,65.0,0,2881,1
194370,87.68,30.01,4.13,0.5,9.06,94.0,3,3061,1
194440,100.58,35.71,3.58,0.38,0.85,52.0,3,3061,1
194510,91.17,33.01,1.33,0.21,139.36,57.0,3,3061,1
194580,112.19,38.76,4.06,0.39,358.55,32.0,3,3061,1
194650,105.81,22.72,3.07,0.37,46.36,53.0,3,3061,1
194720,85.42,28.43,3.82,0.48,184.46,44.0,3,3061,1
194790,102.83,15.77,0.25,0.06,115.66,26.0,3,3061,1
194860,90.33,28.72,0.95,0.1,17.01,98.0,3,3061,1
194930,104.73,7.52,3.76,0.41,121.5,21.0,3,3061,1
195000,102.15,40.7,3.85,0.41,67.4,23.0,3,3061,1
195070,112.58,12.52,3.4,0.44,156.5,43.0,3,3061,1
195140,87.57,31.19,2.3,0.24,8.63,8.0,0,3061,1
195210,106.96,40.18,6.07,0.63,38.55,82.0,0,3061,1
195280,87.58,28.63,2.16,0.24,290.55,61.0,0,3061,1
195350,85.49,30.86,2.22,0.25,236.79,71.0,0,3061,1
195420,86.95,28.46,3.11,0.39,314.27,74.0,0,3061,1
195490,98.91,10.13,3.8,0.42,161.09,19.0,0,3061,1
195560,99.22,38.19,2.71,0.21,76.82,21.0,0,3061,1
195630,107.7,11.81,5.8,0.65,125.11,14.0,0,3061,1
195700,90.58,32.5,1.56,0.22,132.47,62.0,0,3061,1
195770,99.02,15.98,0.43,0.04,338.32,11.0,0,3061,1
195840,89.61,28.57,0.44,0.08,316.78,65.0,0,3061,1
198906,92.93,24.59,1.85,0.22,47.99,60.0,3,3112,1
198993,93.79,23.31,0.44,0.06,165.32,9.0,3,3112,1
199080,67.03,38.83,7.7,0.82,254.33,19.0,3,3112,1
199167,82.42,18.18,6.52,0.7,182.4,82.0,3,3112,1
199254,93.01,26.87,0.87,0.08,88.93,65.0,3,3112,1
199341,87.95,25.04,2.15,0.2,203.89,67.0,3,3112,1
199428,80.32,47.87,0.17,0.0,288.03,16.0,3,3112,1
199515,93.85,21.38,0.16,0.05,190.54,75.0,3,3112,1
199602,66.95,17.52,7.02,0.76,252.24,13.0,3,3112,1
199689,91.37,23.17,2.16,0.26,15.68,71.0,3,3112,1
199776,74.18,6.16,7.72,0.85,246.86,41.0,3,3112,1
199863,91.86,24.3,1.89,0.23,52.93,97.0,0,3112,1
199950,91.62,23.91,2.34,0.17,27.42,98.0,0,3112,1
200037,93.7,26.64,1.27,0.15,141.37,96.0,0,3112,1
200124,68.81,39.86,6.61,0.72,257.33,23.0,0,3112,1
200211,86.76,24.63,2.91,0.26,203.1,92.0,0,3112,1
200298,59.62,38.42,3.68,0.39,236.77,34.0,0,3112,1
200385,62.59,19.15,4.42,0.48,243.21,22.0,0,3112,1
200472,69.52,18.31,5.39,0.55,265.69,29.0,0,3112,1
200559,75.09,7.53,6.99,0.76,238.12,55.0,0,3112,1
200646,80.19,20.11,6.61,0.69,180.23,54.0,0,3112,1
200733,79.43,47.28,0.65,0.03,206.28,26.0,0,3112,1
200894,83.84,25.42,1.21,0.19,69.82,60.0,3,3136,1
200960,87.11,25.2,0.95,0.08,41.34,9.0,3,3136,1
201026,72.16,39.63,7.78,0.81,291.74,19.0,3,3136,1
201092,76.54,32.34,3.45,0.37,341.58,82.0,3,3136,1
201158,83.95,29.1,2.11,0.26,77.14,65.0,3,3136,1
201224,83.65,27.17,1.41,0.14,40.7,67.0,3,3136,1
201290,76.09,47.02,2.08,0.21,302.26,16.0,3,3136,1
201356,84.72,23.67,1.97,0.24,36.1,75.0,3,3136,1
201422,72.85,6.71,5.76,0.63,259.55,13.0,3,3136,1
201488,86.34,22.11,2.29,0.3,56.53,71.0,3,3136,1
201554,76.65,12.31,4.01,0.48,223.51,41.0,3,3136,1
201620,86.17,21.18,2.7,0.31,46.67,97.0,0,3136,1
201686,82.96,26.01,0.76,0.16,86.97,98.0,0,3136,1
201752,83.35,30.0,2.68,0.35,65.98,96.0,0,3136,1
201818,68.99,39.91,4.14,0.49,294.76,23.0,0,3136,1
201884,84.04,23.76,2.28,0.29,15.95,92.0,0,3136,1
201950,66.81,30.01,2.65,0.24,335.33,34.0,0,3136,1
202016,71.45,12.49,1.82,0.19,285.69,22.0,0,3136,1
202082,74.95,18.72,1.45,0.12,326.09,55.0,0,3136,1
202148,76.28,31.4,3.77,0.4,354.36,54.0,0,3136,1
202214,72.92,46.16,1.44,0.13,29.33,26.0,0,3136,1
202280,69.72,7.61,3.23,0.36,250.23,20.0,0,3136,1
202410,79.62,31.04,1.06,0.14,109.14,60.0,3,3160,1
202463,82.03,29.12,1.26,0.05,111.6,9.0,3,3160,1
202516,72.25,17.13,3.76,0.43,309.19,19.0,3,3160,1
202569,72.62,25.24,3.67,0.37,275.23,82.0,3,3160,1
202622,82.03,33.96,2.5,0.33,102.2,65.0,3,3160,1
202675,79.93,31.66,1.76,0.13,64.02,67.0,3,3160,1
202728,71.69,8.99,3.6,0.39,300.56,16.0,3,3160,1
202781,80.44,29.14,2.43,0.28,67.91,75.0,3,3160,1
202834,73.21,44.77,4.47,0.49,209.88,13.0,3,3160,1
202887,80.86,26.09,1.69,0.22,92.25,71.0,3,3160,1
202940,74.85,42.12,4.45,0.48,336.63,41.0,3,3160,1
202993,80.62,25.0,2.91,0.36,96.87,97.0,0,3160,1
203046,78.76,31.31,1.28,0.05,144.15,98.0,0,3160,1
203099,82.34,35.03,3.01,0.4,96.87,96.0,0,3160,1
203152,68.26,15.79,2.52,0.24,2.22,23.0,0,3160,1
203205,79.91,28.64,2.77,0.32,74.0,92.0,0,3160,1
203258,63.56,25.63,0.78,0.05,124.3,34.0,0,3160,1
203311,70.31,41.76,0.78,0.07,249.19,22.0,0,3160,1
203364,72.28,34.58,1.78,0.23,205.3,55.0,0,3160,1
203417,72.73,26.14,1.1,0.1,228.72,54.0,0,3160,1
203470,72.18,45.87,3.3,0.31,213.93,26.0,0,3160,1
203523,68.88,9.58,1.56,0.16,329.23,20.0,0,3160,1
203631,73.25,23.61,0.86,0.13,56.49,60.0,3,3184,1
203691,76.53,24.9,0.86,0.06,46.49,9.0,3,3184,1
203751,68.07,19.5,2.79,0.36,300.16,19.0,3,3184,1
203811,66.41,15.85,3.66,0.41,261.68,82.0,3,3184,1
203871,74.23,28.0,1.34,0.18,158.19,65.0,3,3184,1
203931,74.24,25.79,2.55,0.29,85.57,67.0,3,3184,1
203991,66.26,36.67,2.34,0.24,285.65,16.0,3,3184,1
204051,73.36,22.17,0.54,0.07,43.16,75.0,3,3184,1
204111,66.95,42.75,5.64,0.58,353.25,13.0,3,3184,1
204171,73.88,21.2,1.21,0.16,36.88,71.0,3,3184,1
204231,75.58,12.67,4.61,0.52,182.32,41.0,3,3184,1
204291,72.69,21.02,2.02,0.29,21.08,97.0,0,3184,1
204351,73.77,26.99,2.64,0.31,75.08,98.0,0,3184,1
204411,73.06,27.94,1.83,0.31,164.52,96.0,0,3184,1
204471,65.61,36.34,1.88,0.21,324.94,23.0,0,3184,1
204531,72.31,23.43,0.99,0.09,24.86,92.0,0,3184,1
204591,54.23,34.53,2.75,0.3,323.54,34.0,0,3184,1
204651,53.39,18.3,2.26,0.24,330.23,22.0,0,3184,1
204711,67.55,13.7,4.44,0.52,170.9,55.0,0,3184,1
204771,65.89,23.57,1.29,0.14,347.7,54.0,0,3184,1
204831,63.25,43.26,4.83,0.52,30.83,26.0,0,3184,1
204891,63.9,12.13,2.7,0.43,151.51,20.0,0,3184,1
205019,71.45,29.58,1.16,0.15,135.14,60.0,3,3208,1
205108,74.26,29.32,0.15,0.04,273.0,9.0,3,3208,1
205197,58.37,47.14,1.72,0.15,319.69,19.0,3,3208,1
205286,72.52,31.91,1.9,0.21,113.35,65.0,3,3208,1
205375,70.78,29.46,2.17,0.24,136.0,67.0,3,3208,1
205464,72.79,32.68,1.28,0.13,166.33,89.0,3,3208,1
205553,56.27,11.19,8.5,0.88,246.38,16.0,3,3208,1
205642,72.21,28.97,1.98,0.25,92.24,75.0,3,3208,1
205731,55.88,15.91,5.12,0.55,307.54,13.0,3,3208,1
205820,74.92,28.79,2.79,0.33,43.62,71.0,3,3208,1
205909,64.61,18.83,5.91,0.63,202.61,41.0,3,3208,1
205998,75.69,29.33,4.34,0.48,29.64,97.0,0,3208,1
206087,71.79,27.89,2.74,0.27,115.17,98.0,0,3208,1
206176,72.61,32.27,2.1,0.22,126.76,96.0,0,3208,1
206265,57.18,12.4,7.28,0.77,248.04,23.0,0,3208,1
206354,71.03,28.55,2.71,0.3,139.04,92.0,0,3208,1
206443,49.04,16.46,3.73,0.46,207.88,34.0,0,3208,1
206532,47.57,34.93,4.65,0.5,214.73,22.0,0,3208,1
206621,62.56,34.32,2.2,0.24,197.56,55.0,0,3208,1
206710,61.67,20.51,5.83,0.59,179.51,54.0,0,3208,1
206799,55.08,46.51,1.65,0.27,31.76,26.0,0,3208,1
206888,55.28,15.51,4.16,0.45,315.64,20.0,0,3208,1
207074,55.94,21.21,1.01,0.11,102.67,60.0,3,3232,2
207152,60.74,23.93,0.29,0.06,265.72,9.0,3,3232,2
207230,57.42,25.77,0.95,0.11,80.68,65.0,3,3232,2
207308,55.15,20.99,0.69,0.11,132.5,67.0,3,3232,2
207386,56.6,30.65,2.12,0.25,58.6,89.0,3,3232,2
207464,50.28,36.57,6.2,0.66,351.04,16.0,3,3232,2
207542,55.3,20.04,1.47,0.17,39.13,75.0,3,3232,2
207620,37.37,17.64,7.7,0.78,217.06,13.0,3,3232,2
207698,28.75,12.63,8.95,0.92,279.34,11.0,3,3232,2
207776,53.2,17.6,1.23,0.14,60.39,71.0,3,3232,2
207854,52.58,6.85,4.56,0.46,206.64,41.0,3,3232,2
207932,48.39,16.71,0.89,0.12,223.58,97.0,0,3232,2
208010,56.12,29.75,2.33,0.26,82.45,96.0,0,3232,2
208088,47.8,35.55,4.37,0.49,2.94,23.0,0,3232,2
208166,56.33,25.83,0.66,0.05,90.19,92.0,0,3232,2
208244,26.98,22.12,7.28,0.76,254.28,34.0,0,3232,2
208322,39.57,9.16,5.41,0.53,259.62,22.0,0,3232,2
208400,44.25,20.29,4.42,0.46,230.28,55.0,0,3232,2
208478,56.64,20.5,2.52,0.31,73.03,93.0,0,3232,2
208556,47.15,32.28,2.37,0.26,334.13,54.0,0,3232,2
208634,36.05,27.49,6.91,0.7,217.37,26.0,0,3232,2
208712,26.74,11.28,7.39,0.8,269.74,20.0,0,3232,2
210240,51.92,30.42,0.46,0.05,103.7,60.0,3,3275,1
210318,54.33,28.5,0.32,0.05,221.53,9.0,3,3275,1
210396,38.97,9.91,7.89,0.8,240.81,19.0,3,3275,1
210474,43.9,17.68,2.81,0.3,187.41,82.0,3,3275,1
210552,55.12,32.11,2.02,0.26,165.91,65.0,3,3275,1
210630,53.74,33.42,2.02,0.26,57.89,67.0,3,3275,1
210708,42.02,7.31,1.45,0.15,201.86,16.0,3,3275,1
210786,51.67,27.44,1.4,0.2,164.19,75.0,3,3275,1
210864,34.4,50.0,6.3,0.68,277.2,13.0,3,3275,1
210942,56.27,29.11,1.27,0.1,53.52,71.0,3,3275,1
211020,42.01,45.24,4.74,0.54,339.33,41.0,3,3275,1
211098,54.21,32.85,1.7,0.18,164.14,97.0,0,3275,1
211176,51.44,30.74,0.32,0.04,78.1,96.0,0,3275,1
211254,38.95,11.41,7.23,0.73,240.74,23.0,0,3275,1
211332,50.58,26.87,1.71,0.25,200.01,92.0,0,3275,1
211410,31.95,19.73,6.21,0.63,207.68,34.0,0,3275,1
211488,40.0,44.48,2.82,0.35,3.39,22.0,0,3275,1
211566,42.18,31.65,3.83,0.39,200.72,55.0,0,3275,1
211644,43.73,19.16,2.12,0.21,199.01,54.0,0,3275,1
211722,34.42,49.18,6.5,0.7,276.58,26.0,0,3275,1
211800,56.61,27.75,0.4,0.07,212.63,99.0,0,3275,1
211878,41.64,7.99,1.34,0.21,170.9,20.0,0,3275,1
212037,26.03,22.76,2.65,0.33,111.82,60.0,3,3299,1
212124,27.55,23.27,1.07,0.06,100.57,9.0,3,3299,1
212211,5.76,15.53,6.32,0.74,315.21,19.0,3,3299,1
212298,18.4,3.92,3.42,0.33,187.19,82.0,3,3299,1
212385,27.25,27.65,2.64,0.33,124.38,65.0,3,3299,1
212472,21.19,24.58,0.11,0.02,143.82,67.0,3,3299,1
212559,16.6,23.41,5.27,0.62,191.59,16.0,3,3299,1
212646,27.82,22.2,3.34,0.36,70.21,75.0,3,3299,1
212733,8.83,29.26,3.53,0.43,192.84,13.0,3,3299,1
212820,28.08,21.25,3.22,0.34,66.44,71.0,3,3299,1
212907,12.08,10.76,7.02,0.77,230.46,41.0,3,3299,1
212994,25.74,23.73,3.25,0.44,107.06,98.0,0,3299,1
213081,27.8,27.53,3.97,0.53,141.86,96.0,0,3299,1
213168,14.18,31.09,1.68,0.12,206.92,23.0,0,3299,1
213255,7.65,15.47,5.86,0.65,171.42,34.0,0,3299,1
213342,12.97,5.33,3.75,0.46,196.69,22.0,0,3299,1
213429,5.45,14.18,5.47,0.64,328.44,29.0,0,3299,1
213516,10.74,12.36,6.92,0.74,210.14,55.0,0,3299,1
213603,26.63,22.8,3.1,0.4,77.4,93.0,0,3299,1
213690,15.5,21.33,2.88,0.24,178.46,54.0,0,3299,1
213777,7.82,30.49,3.91,0.43,200.72,26.0,0,3299,1
213864,28.68,22.26,3.14,0.36,40.08,99.0,0,3299,1
215747,13.95,20.92,1.26,0.13,2.27,60.0,3,3344,2
215838,8.47,37.8,1.35,0.09,338.77,84.0,3,3344,2
215929,21.28,44.69,0.51,0.08,116.68,9.0,3,3344,2
216020,5.74,54.9,0.66,0.18,156.45,28.0,3,3344,2
216111,13.65,25.04,1.74,0.28,10.09,65.0,3,3344,2
216202,16.52,31.63,4.35,0.46,10.98,61.0,3,3344,2
216293,14.49,24.47,1.97,0.2,358.81,67.0,3,3344,2
216384,6.52,43.18,4.28,0.46,26.68,89.0,3,3344,2
216475,12.48,16.8,1.13,0.11,4.9,75.0,3,3344,2
216566,13.12,47.5,2.17,0.15,46.98,13.0,3,3344,2
216657,15.18,19.2,2.03,0.23,8.8,71.0,3,3344,2
216748,16.94,35.15,3.56,0.39,359.18,98.0,0,3344,2
216839,19.8,45.02,4.03,0.42,76.44,96.0,0,3344,2
216930,5.32,41.35,1.16,0.11,125.06,34.0,0,3344,2
217021,10.72,48.38,4.31,0.43,7.11,22.0,0,3344,2
217112,5.19,39.64,2.98,0.32,21.06,29.0,0,3344,2
217203,8.24,26.31,1.68,0.15,352.43,55.0,0,3344,2
217294,9.67,37.59,2.82,0.29,358.13,93.0,0,3344,2
217385,7.88,38.25,1.15,0.17,275.67,54.0,0,3344,2
217476,5.73,53.43,1.16,0.13,248.52,26.0,0,3344,2
217567,17.42,38.14,7.13,0.76,23.98,99.0,0,3344,2
217658,12.77,47.76,2.64,0.27,40.62,42.0,0,3344,2
222656,35.11,25.75,3.25,0.37,359.52,94.0,3,3423,0
222725,38.77,30.85,1.05,0.05,55.81,57.0,3,3423,0
222794,39.17,25.45,0.71,0.17,274.46,32.0,3,3423,0
222863,43.53,32.45,5.08,0.54,26.53,53.0,3,3423,0
222932,46.04,13.96,5.64,0.57,116.57,26.0,3,3423,0
223001,38.27,29.28,0.18,0.1,262.65,98.0,3,3423,0
223070,37.91,31.86,1.3,0.12,337.92,93.0,3,3423,0
223139,46.59,48.13,2.27,0.29,51.65,21.0,3,3423,0
223208,45.8,7.15,2.61,0.29,105.44,23.0,3,3423,0
223277,34.0,36.12,0.53,0.03,349.43,47.0,3,3423,0
223346,59.69,30.6,4.82,0.55,20.04,43.0,3,3423,0
223415,32.96,30.45,0.49,0.06,310.42,8.0,0,3423,0
223484,34.35,25.4,1.46,0.19,345.78,82.0,0,3423,0
223553,38.1,30.08,0.3,0.04,303.09,61.0,0,3423,0
223622,33.71,35.38,0.5,0.03,334.45,71.0,0,3423,0
223691,37.62,29.42,0.33,0.04,246.02,74.0,0,3423,0
223760,46.22,13.57,6.15,0.64,109.42,19.0,0,3423,0
223829,44.34,5.84,1.99,0.18,114.56,14.0,0,3423,0
223898,37.13,31.6,0.75,0.14,287.92,62.0,0,3423,0
223967,45.69,50.42,1.96,0.18,67.75,11.0,0,3423,0
224036,37.76,27.24,3.17,0.32,122.89,33.0,0,3423,0
224105,37.62,30.97,0.77,0.04,5.28,65.0,0,3423,0
225874,42.14,25.92,2.77,0.2,235.65,94.0,3,3468,1
225970,40.57,34.3,4.01,0.46,272.47,57.0,3,3468,1
226066,55.37,23.99,4.45,0.52,184.21,32.0,3,3468,1
226162,43.96,29.36,2.97,0.4,245.7,53.0,3,3468,1
226258,52.06,27.9,2.13,0.36,32.73,26.0,3,3468,1
226354,44.62,24.28,1.63,0.21,218.58,98.0,3,3468,1
226450,41.84,29.67,5.44,0.41,242.62,93.0,3,3468,1
226546,55.77,46.79,4.04,0.47,75.76,21.0,3,3468,1
226642,56.53,6.79,6.14,0.67,109.51,23.0,3,3468,1
226738,49.87,32.95,2.27,0.31,256.45,47.0,3,3468,1
226834,61.18,32.84,0.7,0.01,202.13,43.0,3,3468,1
226930,39.63,29.5,4.32,0.45,265.32,8.0,0,3468,1
227026,44.67,23.83,2.96,0.34,229.6,61.0,0,3468,1
227122,41.3,32.92,3.23,0.35,257.45,71.0,0,3468,1
227218,41.07,26.44,2.5,0.29,258.2,74.0,0,3468,1
227314,50.78,27.79,2.43,0.29,344.73,19.0,0,3468,1
227410,40.42,20.43,6.44,0.65,173.67,21.0,0,3468,1
227506,56.01,5.0,6.5,0.71,105.51,14.0,0,3468,1
227602,44.21,28.3,2.9,0.37,247.42,62.0,0,3468,1
227698,55.26,48.74,4.48,0.53,79.2,11.0,0,3468,1
227794,41.14,33.82,2.56,0.24,327.57,30.0,0,3468,1
227890,48.5,22.28,5.71,0.6,170.17,65.0,0,3468,1
231079,68.93,26.47,1.1,0.16,286.95,94.0,3,3551,1
231155,71.89,26.16,4.28,0.44,201.64,57.0,3,3551,1
231231,97.32,20.19,7.16,0.74,174.89,32.0,3,3551,1
231307,84.55,21.07,6.58,0.68,153.62,53.0,3,3551,1
231383,65.54,30.99,1.52,0.07,246.81,44.0,3,3551,1
231459,83.71,13.56,5.52,0.59,155.03,26.0,3,3551,1
231535,72.91,30.71,1.92,0.19,163.82,98.0,3,3551,1
231611,88.64,4.51,6.94,0.77,103.69,21.0,3,3551,1
231687,88.53,48.14,8.47,0.87,67.61,23.0,3,3551,1
231763,72.84,25.82,4.65,0.49,215.04,47.0,3,3551,1
231839,76.49,21.81,2.4,0.3,236.09,43.0,3,3551,1
231915,69.12,28.66,0.38,0.04,144.83,8.0,0,3551,1
231991,68.99,27.38,2.73,0.29,311.95,82.0,0,3551,1
232067,72.07,29.48,1.19,0.12,221.76,61.0,0,3551,1
232143,66.6,30.84,1.97,0.16,243.79,71.0,0,3551,1
232219,71.49,27.04,2.64,0.33,210.18,74.0,0,3551,1
232295,68.76,24.29,2.78,0.24,200.89,25.0,0,3551,1
232371,82.57,12.75,5.53,0.59,160.12,19.0,0,3551,1
232447,88.95,48.95,8.68,0.9,70.13,14.0,0,3551,1
232523,72.09,31.54,1.51,0.16,178.7,62.0,0,3551,1
232599,88.63,2.93,7.01,0.79,99.43,11.0,0,3551,1
232675,71.4,29.98,1.79,0.23,216.71,65.0,0,3551,1
235997,90.29,30.63,1.67,0.18,91.66,60.0,3,3614,1
236075,90.05,43.73,4.06,0.47,345.09,22.0,3,3614,1
236153,91.41,28.99,0.74,0.07,182.88,9.0,3,3614,1
236231,77.9,51.12,4.76,0.46,293.98,19.0,3,3614,1
236309,81.23,38.86,2.6,0.31,345.14,82.0,3,3614,1
236387,89.33,33.27,2.27,0.21,96.4,65.0,3,3614,1
236465,89.58,31.99,1.16,0.11,135.17,67.0,3,3614,1
236543,79.24,15.93,4.94,0.53,199.15,16.0,3,3614,1
236621,89.98,29.25,1.69,0.19,47.79,75.0,3,3614,1
236699,77.71,4.59,5.38,0.57,249.63,13.0,3,3614,1
236777,90.13,26.9,0.35,0.08,123.88,71.0,3,3614,1
236855,89.51,30.1,2.56,0.18,45.37,97.0,0,3614,1
236933,89.37,33.92,3.11,0.37,78.92,96.0,0,3614,1
237011,76.78,17.93,3.7,0.35,183.02,23.0,0,3614,1
237089,89.39,26.2,0.62,0.07,174.71,92.0,0,3614,1
237167,65.96,13.74,3.31,0.36,172.69,34.0,0,3614,1
237245,63.45,37.65,2.88,0.29,223.99,22.0,0,3614,1
237323,78.35,5.49,3.81,0.49,244.94,29.0,0,3614,1
237401,78.38,38.05,1.56,0.27,27.52,55.0,0,3614,1
237479,76.66,23.96,5.2,0.53,185.27,54.0,0,3614,1
237557,77.99,50.63,2.54,0.33,318.66,26.0,0,3614,1
237635,89.56,31.79,2.24,0.21,154.0,99.0,0,3614,1
237802,79.06,25.52,1.01,0.17,286.84,60.0,3,3638,1
237882,75.05,10.48,4.46,0.49,195.16,22.0,3,3638,1
237962,83.25,23.24,0.64,0.08,225.62,9.0,3,3638,1
238042,61.19,39.85,2.16,0.25,213.67,19.0,3,3638,1
238122,72.15,40.27,5.94,0.6,336.73,82.0,3,3638,1
238202,80.39,27.14,0.73,0.1,90.86,65.0,3,3638,1
238282,79.57,26.27,1.06,0.07,301.43,67.0,3,3638,1
238362,62.95,26.39,3.48,0.41,193.56,16.0,3,3638,1
238442,82.0,26.26,2.64,0.32,31.53,75.0,3,3638,1
238522,62.43,15.86,1.78,0.16,285.1,13.0,3,3638,1
238602,81.91,22.35,1.07,0.15,38.73,71.0,3,3638,1
238682,81.82,21.53,1.3,0.13,54.41,97.0,0,3638,1
238762,78.83,26.57,1.24,0.12,310.36,96.0,0,3638,1
238842,82.75,26.36,3.12,0.35,78.73,92.0,0,3638,1
238922,50.99,34.82,2.65,0.27,193.92,34.0,0,3638,1
239002,51.92,19.06,1.03,0.18,219.26,22.0,0,3638,1
239082,60.33,15.25,2.62,0.39,293.14,29.0,0,3638,1
239162,71.71,12.05,4.16,0.51,178.33,55.0,0,3638,1
239242,63.86,30.94,3.9,0.5,332.71,54.0,0,3638,1
239322,63.66,43.06,2.09,0.24,281.48,26.0,0,3638,1
239402,79.65,27.54,1.0,0.11,114.15,99.0,0,3638,1
239482,61.92,27.52,3.98,0.45,205.33,20.0,0,3638,1
239633,66.9,24.77,1.55,0.19,84.04,60.0,3,3673,1
239711,59.03,31.81,1.52,0.13,283.9,22.0,3,3673,1
239789,70.04,25.54,1.64,0.16,13.75,9.0,3,3673,1
239867,56.27,2.34,2.02,0.22,204.8,19.0,3,3673,1
239945,58.83,20.9,1.65,0.13,287.81,82.0,3,3673,1
240023,67.2,26.02,0.89,0.12,82.08,65.0,3,3673,1
240101,66.22,25.65,0.84,0.06,66.61,67.0,3,3673,1
240179,54.27,45.04,7.84,0.82,308.85,16.0,3,3673,1
240257,67.1,22.04,1.61,0.16,110.01,75.0,3,3673,1
240335,50.27,38.02,6.25,0.71,241.36,13.0,3,3673,1
240413,68.22,23.55,3.57,0.38,13.67,71.0,3,3673,1
240491,68.03,23.87,4.07,0.42,19.42,97.0,0,3673,1
240569,66.36,24.98,1.52,0.23,84.39,96.0,0,3673,1
240647,67.09,21.4,2.49,0.17,96.91,92.0,0,3673,1
240725,40.4,39.01,1.61,0.27,300.82,34.0,0,3673,1
240803,37.47,13.2,2.41,0.26,340.91,22.0,0,3673,1
240881,54.34,2.92,2.81,0.37,227.17,29.0,0,3673,1
240959,53.65,21.86,3.54,0.39,0.15,55.0,0,3673,1
241037,53.41,32.54,1.94,0.24,30.78,54.0,0,3673,1
241115,53.81,44.68,2.63,0.41,303.45,26.0,0,3673,1
241193,66.58,25.82,1.02,0.1,65.85,99.0,0,3673,1
241271,53.1,39.09,1.1,0.24,19.48,20.0,0,3673,1
241431,61.68,30.08,1.36,0.17,96.97,60.0,3,3697,1
241517,51.61,40.29,4.1,0.45,343.63,22.0,3,3697,1
241603,62.84,30.02,0.27,0.03,89.71,9.0,3,3697,1
241689,43.01,0.64,5.8,0.64,260.71,19.0,3,3697,1
241775,53.21,14.28,5.72,0.63,201.68,82.0,3,3697,1
241861,58.53,33.96,1.31,0.13,153.48,65.0,3,3697,1
241947,60.31,31.46,1.34,0.15,82.11,67.0,3,3697,1
242033,42.09,16.34,5.2,0.59,217.5,16.0,3,3697,1
242119,59.53,29.45,0.67,0.09,101.09,75.0,3,3697,1
242205,38.16,40.21,6.47,0.68,265.2,13.0,3,3697,1
242291,60.25,26.42,2.16,0.28,53.37,71.0,3,3697,1
242377,60.56,25.8,3.36,0.34,56.34,97.0,0,3697,1
242463,61.73,30.76,1.58,0.21,91.69,96.0,0,3697,1
242549,44.53,2.8,2.77,0.32,287.99,23.0,0,3697,1
242635,58.94,29.82,0.59,0.05,18.64,92.0,0,3697,1
242721,30.65,16.9,2.7,0.23,347.87,34.0,0,3697,1
242807,26.84,37.66,1.56,0.12,347.95,22.0,0,3697,1
242893,43.64,33.51,0.77,0.1,331.35,55.0,0,3697,1
242979,43.35,23.09,2.07,0.25,290.47,54.0,0,3697,1
243065,43.45,45.86,2.23,0.34,310.18,26.0,0,3697,1
243151,58.23,33.44,2.24,0.31,154.06,99.0,0,3697,1
243237,44.31,14.52,3.68,0.42,216.13,20.0,0,3697,1
243406,49.66,27.7,0.37,0.08,261.3,60.0,3,3721,1
243478,40.9,38.83,3.44,0.36,317.45,22.0,3,3721,1
243550,52.13,29.46,0.61,0.05,311.02,9.0,3,3721,1
243622,32.91,5.11,6.91,0.72,269.36,19.0,3,3721,1
243694,36.82,21.71,2.54,0.34,176.48,82.0,3,3721,1
243766,51.55,31.82,1.16,0.14,183.47,65.0,3,3721,1
243838,47.61,29.89,0.27,0.07,18.96,67.0,3,3721,1
243910,36.41,14.49,2.84,0.31,209.19,16.0,3,3721,1
243982,50.48,26.64,0.56,0.04,100.16,75.0,3,3721,1
244054,35.38,49.69,5.14,0.55,292.0,13.0,3,3721,1
244126,52.06,27.67,1.88,0.21,40.33,71.0,3,3721,1
244198,52.85,27.2,2.71,0.25,32.63,97.0,0,3721,1
244270,46.92,29.82,0.22,0.06,38.1,96.0,0,3721,1
244342,31.1,4.58,3.85,0.42,274.74,23.0,0,3721,1
244414,48.91,26.35,0.88,0.11,325.35,92.0,0,3721,1
244486,20.45,17.46,2.3,0.18,345.16,34.0,0,3721,1
244558,18.56,38.49,2.84,0.34,355.82,22.0,0,3721,1
244630,34.67,34.69,3.09,0.34,21.64,55.0,0,3721,1
244702,35.21,23.04,1.38,0.28,170.4,54.0,0,3721,1
244774,37.4,48.3,0.75,0.14,271.11,26.0,0,3721,1
244846,50.94,31.82,2.42,0.3,194.57,99.0,0,3721,1
244918,36.16,15.67,1.56,0.18,137.38,20.0,0,3721,1
245054,36.97,33.5,3.86,0.47,336.16,60.0,3,3745,1
245140,41.82,37.75,3.64,0.38,342.27,22.0,3,3745,1
245226,46.33,30.43,2.79,0.3,74.78,9.0,3,3745,1
245312,38.86,7.48,0.11,0.03,159.87,19.0,3,3745,1
245398,28.43,24.59,6.36,0.66,273.63,82.0,3,3745,1
245484,43.08,33.09,1.46,0.2,106.77,65.0,3,3745,1
245570,37.44,35.59,4.25,0.45,330.89,67.0,3,3745,1
245656,33.59,18.12,4.2,0.46,288.17,16.0,3,3745,1
245742,38.33,28.58,3.03,0.33,343.49,75.0,3,3745,1
245828,33.76,46.03,1.0,0.07,330.87,13.0,3,3745,1
245914,42.54,25.41,0.32,0.06,119.93,71.0,3,3745,1
246000,42.08,24.78,0.42,0.06,67.07,97.0,0,3745,1
246086,42.41,29.74,2.42,0.29,108.62,96.0,0,3745,1
246172,28.87,7.16,1.84,0.16,309.62,23.0,0,3745,1
246258,44.53,29.19,3.79,0.49,59.78,92.0,0,3745,1
246344,15.47,16.91,2.47,0.26,346.91,34.0,0,3745,1
246430,13.32,39.91,1.66,0.18,4.95,22.0,0,3745,1
246516,29.19,35.5,2.59,0.32,15.84,55.0,0,3745,1
246602,28.56,26.09,1.5,0.22,302.33,54.0,0,3745,1
246688,32.95,46.35,1.31,0.11,36.39,26.0,0,3745,1
246774,42.33,32.86,1.62,0.23,113.49,99.0,0,3745,1
246860,29.71,18.15,1.72,0.14,325.73,20.0,0,3745,1
247040,30.59,28.31,1.38,0.16,111.67,60.0,3,3769,1
247119,32.85,29.04,0.42,0.02,289.08,9.0,3,3769,1
247198,16.35,1.74,5.7,0.61,248.08,19.0,3,3769,1
247277,17.85,21.54,1.99,0.29,162.15,82.0,3,3769,1
247356,32.07,32.95,0.84,0.17,159.47,65.0,3,3769,1
247435,29.73,28.71,1.54,0.17,134.51,67.0,3,3769,1
247514,17.92,13.62,2.78,0.34,199.0,16.0,3,3769,1
247593,31.32,27.57,2.12,0.24,101.35,75.0,3,3769,1
247672,14.9,48.24,4.78,0.56,296.26,13.0,3,3769,1
247751,33.31,27.8,1.31,0.12,50.75,71.0,3,3769,1
247830,22.09,37.79,2.35,0.18,291.58,41.0,3,3769,1
247909,34.05,27.3,1.73,0.16,49.41,97.0,0,3769,1
247988,30.02,27.76,2.08,0.21,123.85,96.0,0,3769,1
248067,16.36,2.81,4.08,0.47,253.37,23.0,0,3769,1
248146,29.65,26.87,1.5,0.17,127.25,92.0,0,3769,1
248225,8.32,18.51,0.75,0.1,28.31,34.0,0,3769,1
248304,7.97,39.83,2.19,0.29,25.79,22.0,0,3769,1
248383,16.81,35.72,1.5,0.17,26.14,55.0,0,3769,1
248462,14.58,23.3,1.41,0.19,241.56,54.0,0,3769,1
248541,19.71,43.58,3.07,0.38,174.08,26.0,0,3769,1
248620,31.72,33.77,0.93,0.11,172.38,99.0,0,3769,1
248699,17.32,16.77,0.15,0.1,70.61,20.0,0,3769,1
248852,21.9,31.18,1.17,0.11,28.05,60.0,3,3810,4
248911,24.79,29.92,0.33,0.05,75.6,9.0,3,3810,4
248970,19.05,6.55,0.23,0.01,130.42,19.0,3,3810,4
249029,9.52,37.38,4.68,0.52,246.37,82.0,3,3810,4
249088,24.51,31.82,1.99,0.19,149.68,65.0,3,3810,4
249147,21.92,32.08,1.21,0.14,74.26,67.0,3,3810,4
249206,9.09,23.84,5.09,0.56,282.01,16.0,3,3810,4
249265,22.84,28.53,1.66,0.19,46.62,75.0,3,3810,4
249324,14.23,30.24,6.64,0.74,343.94,13.0,3,3810,4
249383,24.23,27.1,2.4,0.27,66.34,71.0,3,3810,4
249442,18.04,42.66,6.39,0.69,341.67,41.0,3,3810,4
249501,24.52,26.38,3.33,0.11,76.55,97.0,0,3810,4
249560,22.16,28.23,1.8,0.24,28.81,98.0,0,3810,4
249619,21.37,32.34,1.32,0.1,67.92,96.0,0,3810,4
249678,11.98,8.1,0.1,0.05,10.77,23.0,0,3810,4
249737,7.79,21.9,2.53,0.25,327.22,34.0,0,3810,4
249796,7.0,28.67,2.3,0.22,298.84,22.0,0,3810,4
249855,16.0,41.71,5.6,0.66,0.07,55.0,0,3810,4
249914,13.25,30.13,4.41,0.54,356.72,54.0,0,3810,4
249973,9.69,37.85,4.17,0.44,231.6,26.0,0,3810,4
250032,23.83,31.72,2.12,0.31,161.12,99.0,0,3810,4
250091,11.23,22.42,2.26,0.27,281.71,20.0,0,3810,4
