id,action
0,Acceleration
1,Air duel
2,Clearance
3,Corner
4,Cross
5,Free Kick
6,Free kick cross
7,Free kick shot
8,Ground attacking duel
9,Ground defending duel
10,Ground loose ball duel
11,Hand pass
12,Head pass
13,High pass
14,Launch
15,Penalty
16,Reflexes
17,Save attempt
18,Shot
19,Simple pass
20,Smart pass
21,Throw in
22,Close Team Acceleration
23,Close Team Air duel
24,Close Team Clearance
25,Close Team Corner
26,Close Team Cross
27,Close Team Free Kick
28,Close Team Free kick cross
29,Close Team Free kick shot
30,Close Team Ground attacking duel
31,Close Team Ground defending duel
32,Close Team Ground loose ball duel
33,Close Team Hand pass
34,Close Team Head pass
35,Close Team High pass
36,Close Team Launch
37,Close Team Penalty
38,Close Team Reflexes
39,Close Team Save attempt
40,Close Team Shot
41,Close Team Simple pass
42,Close Team Smart pass
43,Close Team Throw in
44,Distant Team Acceleration
45,Distant Team Air duel
46,Distant Team Clearance
47,Distant Team Corner
48,Distant Team Cross
49,Distant Team Free Kick
50,Distant Team Free kick cross
51,Distant Team Free kick shot
52,Distant Team Ground attacking duel
53,Distant Team Ground defending duel
54,Distant Team Ground loose ball duel
55,Distant Team Hand pass
56,Distant Team Head pass
57,Distant Team High pass
58,Distant Team Launch
59,Distant Team Penalty
60,Distant Team Reflexes
61,Distant Team Save attempt
62,Distant Team Shot
63,Distant Team Simple pass
64,Distant Team Smart pass
65,Distant Team Throw in
66,Close Opponent Acceleration
67,Close Opponent Air duel
68,Close Opponent Clearance
69,Close Opponent Corner
70,Close Opponent Cross
71,Close Opponent Free Kick
72,Close Opponent Free kick cross
73,Close Opponent Free kick shot
74,Close Opponent Ground attacking duel
75,Close Opponent Ground defending duel
76,Close Opponent Ground loose ball duel
77,Close Opponent Hand pass
78,Close Opponent Head pass
79,Close Opponent High pass
80,Close Opponent Launch
81,Close Opponent Penalty
82,Close Opponent Reflexes
83,Close Opponent Save attempt
84,Close Opponent Shot
85,Close Opponent Simple pass
86,Close Opponent Smart pass
87,Close Opponent Throw in
88,Distant Opponent Acceleration
89,Distant Opponent Air duel
90,Distant Opponent Clearance
91,Distant Opponent Corner
92,Distant Opponent Cross
93,Distant Opponent Free Kick
94,Distant Opponent Free kick cross
95,Distant Opponent Free kick shot
96,Distant Opponent Ground attacking duel
97,Distant Opponent Ground defending duel
98,Distant Opponent Ground loose ball duel
99,Distant Opponent Hand pass
100,Distant Opponent Head pass
101,Distant Opponent High pass
102,Distant Opponent Launch
103,Distant Opponent Penalty
104,Distant Opponent Reflexes
105,Distant Opponent Save attempt
106,Distant Opponent Shot
107,Distant Opponent Simple pass
108,Distant Opponent Smart pass
109,Distant Opponent Throw in
