id,player_id,time,event,action,action_result,x_begin,y_begin,x_end,y_end
1916538,11,85,0,1,27,65,83,62.0,84.0
1916541,11,85,0,1,27,62,84,66.0,56.0
1916574,11,87,0,1,27,91,55,90.0,56.0
1916609,11,89,0,1,27,62,82,63.0,64.0
1916643,11,91,3,19,1,57,53,53.0,35.0
1916653,11,91,3,19,1,63,27,45.0,27.0
1916467,63,81,3,12,1,47,59,48.0,46.0
1916495,63,82,0,1,27,58,68,67.0,69.0
1916505,63,83,3,19,1,90,11,75.0,11.0
1916507,63,83,3,19,1,79,18,72.0,26.0
1916528,63,85,3,19,20,22,33,31.0,21.0
1916556,63,86,3,19,1,73,52,81.0,63.0
1916590,63,88,3,19,1,66,1,58.0,2.0
1916691,63,93,3,13,1,53,17,58.0,83.0
1915119,385,2,3,19,1,36,82,43.0,93.0
1915139,385,3,0,8,22,88,78,0.0,0.0
1915143,385,4,3,12,1,46,37,63.0,71.0
1915282,385,11,3,19,1,70,11,65.0,4.0
1915285,385,11,0,8,27,65,16,71.0,31.0
1915329,385,14,0,8,27,88,25,80.0,28.0
1915479,385,23,1,21,1,31,0,47.0,7.0
1915485,385,23,1,21,1,70,0,75.0,7.0
1915493,385,24,3,19,1,91,13,87.0,5.0
1915508,385,24,3,12,1,32,9,38.0,4.0
1915514,385,25,1,21,1,60,0,68.0,12.0
1915548,385,26,3,19,1,74,13,89.0,5.0
1915649,385,31,3,19,1,39,7,45.0,8.0
1915653,385,31,3,19,1,43,18,63.0,36.0
1915655,385,31,3,19,1,60,20,63.0,35.0
1915678,385,34,1,21,1,16,0,22.0,3.0
1915688,385,34,0,8,27,40,16,42.0,17.0
1915720,385,36,3,12,20,50,49,53.0,80.0
1915728,385,36,3,19,1,34,19,15.0,47.0
1915821,385,41,3,19,1,40,23,29.0,33.0
1915838,385,41,3,19,1,51,13,41.0,43.0
1915846,385,42,3,19,1,75,6,62.0,12.0
1915901,385,45,1,21,1,29,0,40.0,7.0
1915905,385,45,1,21,1,38,0,47.0,7.0
1915935,385,47,3,19,1,50,47,45.0,81.0
1916020,385,51,3,19,20,30,15,16.0,13.0
1916026,385,51,2,0,5,25,28,53.0,53.0
1916027,385,51,3,19,5,53,53,72.0,79.0
1916128,385,61,3,19,1,76,90,61.0,98.0
1916152,385,62,5,18,10,93,69,0.0,0.0
1916383,385,76,3,19,1,38,72,36.0,89.0
1916416,385,77,3,19,1,36,82,34.0,41.0
1915230,596,9,4,16,11,100,100,10.0,66.0
1915246,596,9,3,19,1,12,44,36.0,87.0
1915430,596,19,3,19,1,14,63,25.0,41.0
1915584,596,28,3,14,1,6,38,24.0,5.0
1915610,596,29,3,14,1,5,42,55.0,46.0
1915685,596,34,3,19,20,28,76,56.0,77.0
1915737,596,37,3,11,1,12,64,29.0,86.0
1915747,596,37,3,19,1,17,50,23.0,67.0
1915770,596,38,3,19,1,11,52,28.0,87.0
1915852,596,43,3,19,1,13,52,28.0,95.0
1915888,596,44,3,11,20,11,41,17.0,72.0
1916083,596,57,3,11,1,12,64,30.0,94.0
1916098,596,57,3,19,1,19,30,24.0,48.0
1916124,596,60,3,11,1,13,36,23.0,17.0
1916153,596,62,4,16,10,100,100,10.0,20.0
1916154,596,62,3,11,1,13,51,34.0,68.0
1916305,596,71,1,5,1,13,66,23.0,84.0
1916322,596,72,3,19,1,11,42,30.0,83.0
1916563,596,87,3,19,1,26,57,47.0,87.0
1916631,596,90,3,19,1,12,50,29.0,90.0
1916646,596,91,3,19,1,11,47,28.0,15.0
1916672,596,92,3,19,1,23,62,39.0,13.0
1915101,637,1,3,19,1,31,7,66.0,6.0
1915110,637,2,3,19,1,24,9,36.0,7.0
1915228,637,9,1,6,19,78,14,90.0,34.0
1915276,637,11,1,21,1,39,0,63.0,8.0
1915281,637,11,1,21,1,65,0,70.0,11.0
1915283,637,11,3,19,1,65,4,65.0,16.0
1915292,637,12,0,8,27,81,5,80.0,27.0
1915293,637,12,3,19,1,80,27,78.0,33.0
1915324,637,14,3,19,1,52,7,77.0,5.0
1915328,637,14,3,20,1,69,6,88.0,25.0
1915489,637,23,0,8,22,90,10,89.0,0.0
1915492,637,24,1,21,1,89,0,91.0,13.0
1915521,637,25,3,19,1,64,10,85.0,5.0
1915525,637,25,1,21,1,87,0,88.0,7.0
1915541,637,26,3,19,1,53,7,35.0,22.0
1915547,637,26,1,21,1,79,0,74.0,13.0
1915648,637,31,3,19,1,17,9,39.0,7.0
1915693,637,34,3,19,1,71,7,57.0,10.0
1915727,637,36,3,19,1,32,7,34.0,19.0
1915820,637,41,3,19,1,35,8,40.0,23.0
1915837,637,41,1,21,1,54,0,51.0,13.0
1915845,637,42,3,19,1,68,10,75.0,6.0
1915854,637,43,0,9,27,57,7,35.0,10.0
1915856,637,43,3,19,1,35,10,33.0,35.0
1915957,637,48,3,19,1,37,4,29.0,25.0
1915959,637,48,3,19,1,61,9,38.0,50.0
1915971,637,48,0,9,22,58,6,66.0,0.0
1915977,637,49,3,19,1,54,12,63.0,9.0
1916031,637,51,3,19,1,71,27,68.0,81.0
1916118,637,59,3,19,1,31,4,57.0,6.0
1916136,637,61,3,12,1,47,40,67.0,49.0
1916177,637,63,1,5,1,63,6,45.0,4.0
1916284,637,71,1,21,1,71,0,70.0,10.0
1916294,637,71,1,21,1,61,0,67.0,17.0
1916296,637,71,3,19,1,64,8,80.0,7.0
1916325,637,72,0,9,22,48,13,30.0,0.0
1916327,637,73,1,21,1,30,0,57.0,11.0
1916354,637,74,3,19,1,35,5,29.0,30.0
1916391,637,77,3,19,1,29,6,57.0,21.0
1916405,637,77,1,21,1,36,0,54.0,7.0
1916443,637,79,3,19,20,28,22,40.0,17.0
1916476,637,81,1,21,1,79,0,92.0,13.0
1916489,637,82,0,8,27,68,8,67.0,5.0
1916491,637,82,1,5,1,67,18,76.0,15.0
1916560,637,86,3,13,1,11,25,34.0,14.0
1916567,637,87,3,19,1,34,5,54.0,9.0
1916597,637,88,0,9,22,22,10,25.0,3.0
1916602,637,88,3,19,1,29,6,39.0,14.0
1916639,637,91,3,12,1,9,37,9.0,41.0
1916667,637,92,3,19,1,43,8,40.0,30.0
1916559,746,86,3,19,20,14,50,11.0,25.0
1916663,746,92,2,2,20,11,52,18.0,28.0
1916680,746,92,0,10,27,31,64,29.0,73.0
1916681,746,92,3,19,1,29,73,34.0,34.0
1916119,831,59,0,8,27,57,6,54.0,5.0
1916141,831,61,3,13,1,61,10,37.0,73.0
1916209,831,65,3,19,1,28,77,22.0,84.0
1916267,831,70,0,8,27,85,87,92.0,76.0
1916269,831,70,0,8,22,92,76,91.0,70.0
1916295,831,71,3,19,1,67,17,64.0,8.0
1916382,831,76,3,19,20,31,46,38.0,72.0
1916487,831,82,0,9,27,64,15,68.0,8.0
1916523,831,84,3,19,5,42,94,66.0,69.0
1916642,831,91,3,19,1,36,41,57.0,53.0
1916665,831,92,0,10,27,18,28,26.0,31.0
1916666,831,92,3,19,1,26,31,43.0,8.0
1916688,831,93,0,10,22,57,90,51.0,100.0
1915086,927,0,3,19,1,29,92,28.0,48.0
1915093,927,1,3,19,1,62,99,30.0,81.0
1915096,927,1,3,19,1,50,93,59.0,75.0
1915099,927,1,3,19,1,24,89,12.0,57.0
1915115,927,2,0,9,27,34,90,18.0,93.0
1915117,927,2,3,19,1,18,93,21.0,84.0
1915121,927,2,3,19,1,55,72,42.0,72.0
1915127,927,3,1,21,1,89,100,82.0,82.0
1915130,927,3,0,8,27,89,93,86.0,93.0
1915131,927,3,3,4,19,86,93,89.0,30.0
1915137,927,3,3,19,1,56,95,88.0,86.0
1915176,927,6,3,19,1,33,91,20.0,85.0
1915191,927,6,3,19,1,28,86,37.0,73.0
1915200,927,7,1,21,1,71,100,76.0,77.0
1915213,927,7,3,19,1,59,95,63.0,81.0
1915321,927,13,3,19,1,28,95,54.0,86.0
1915334,927,14,3,19,1,63,87,39.0,72.0
1915342,927,14,3,19,1,67,93,76.0,74.0
1915357,927,15,3,19,1,28,89,38.0,73.0
1915360,927,15,3,19,1,43,95,38.0,73.0
1915372,927,16,0,8,22,62,87,53.0,76.0
1915374,927,16,3,19,1,53,76,33.0,63.0
1915377,927,16,3,19,1,41,95,49.0,75.0
1915389,927,17,1,21,1,58,100,77.0,88.0
1915532,927,25,3,19,1,65,80,78.0,94.0
1915535,927,25,3,19,1,63,94,76.0,78.0
1915580,927,28,3,19,1,35,83,63.0,85.0
1915607,927,29,3,19,1,63,92,69.0,68.0
1915658,927,31,5,18,10,88,75,0.0,0.0
1915696,927,35,3,19,1,54,97,32.0,68.0
1915698,927,35,3,19,1,53,96,64.0,80.0
1915710,927,35,3,19,1,69,93,66.0,78.0
1915712,927,35,3,19,1,61,83,66.0,87.0
1915714,927,35,3,19,1,70,76,95.0,87.0
1915724,927,36,3,19,1,34,92,36.0,77.0
1915730,927,36,3,19,1,30,96,29.0,84.0
1915732,927,36,3,19,1,33,97,27.0,84.0
1915734,927,37,3,13,1,39,85,75.0,58.0
1915781,927,39,0,9,22,35,94,33.0,100.0
1915783,927,39,1,21,1,33,100,37.0,90.0
1915827,927,41,1,21,1,89,100,84.0,91.0
1915840,927,42,3,13,1,30,93,90.0,83.0
1915859,927,43,3,19,1,42,94,29.0,72.0
1915880,927,44,3,19,1,32,93,77.0,94.0
1915884,927,44,1,21,1,68,100,71.0,90.0
1915886,927,44,3,19,1,79,96,79.0,80.0
1915923,927,46,0,9,22,58,93,36.0,100.0
1915926,927,46,1,21,1,36,100,58.0,89.0
1915928,927,46,3,19,1,51,97,66.0,85.0
1915937,927,47,2,0,1,29,94,77.0,98.0
1915953,927,48,3,19,1,32,92,25.0,75.0
1915962,927,48,3,19,1,53,94,45.0,67.0
1915987,927,49,3,19,1,62,77,64.0,89.0
1915992,927,49,1,21,1,58,100,62.0,81.0
1916058,927,54,0,9,22,22,98,24.0,100.0
1916093,927,57,1,21,1,26,100,33.0,97.0
1916113,927,59,1,21,1,51,100,34.0,64.0
1916115,927,59,3,19,1,51,95,34.0,65.0
1916127,927,60,1,21,1,65,100,76.0,90.0
1916143,927,62,3,13,1,63,94,77.0,77.0
1916239,927,68,1,3,19,100,100,93.0,56.0
1916266,927,70,3,19,1,53,89,85.0,87.0
1916314,927,72,3,13,1,33,94,79.0,94.0
1916357,927,74,3,19,1,37,95,30.0,70.0
1916363,927,75,0,9,22,44,95,55.0,100.0
1916385,927,76,0,8,27,36,89,40.0,95.0
1916387,927,76,1,5,1,44,87,34.0,82.0
1916415,927,77,3,19,20,31,88,36.0,82.0
1916417,927,78,3,19,1,34,41,61.0,19.0
1916568,927,87,3,19,1,54,9,43.0,29.0
1916641,927,91,3,19,1,42,61,36.0,41.0
1915084,1356,0,3,19,1,8,48,22.0,78.0
1915090,1356,1,3,19,1,9,48,21.0,88.0
1915100,1356,1,3,19,1,12,57,31.0,7.0
1915109,1356,2,3,19,1,12,28,24.0,9.0
1915148,1356,4,3,19,1,13,46,19.0,88.0
1915319,1356,13,3,19,1,9,50,20.0,67.0
1915355,1356,15,3,11,1,10,45,40.0,41.0
1915365,1356,15,3,19,1,17,54,29.0,28.0
1915451,1356,20,3,11,1,10,52,34.0,71.0
1915539,1356,26,3,19,1,22,54,33.0,30.0
1915598,1356,29,3,19,1,9,54,32.0,18.0
1915647,1356,31,3,19,20,13,38,17.0,9.0
1915729,1356,36,3,19,1,15,47,30.0,96.0
1915812,1356,40,3,19,1,11,54,30.0,45.0
1915951,1356,48,3,19,1,6,54,19.0,89.0
1915955,1356,48,3,19,1,11,54,30.0,15.0
1916036,1356,53,3,11,1,11,70,32.0,17.0
1916077,1356,56,4,17,12,0,0,4.0,59.0
1916078,1356,56,3,13,1,13,51,61.0,27.0
1916187,1356,64,3,14,1,11,47,62.0,28.0
1916312,1356,72,3,11,1,10,58,29.0,83.0
1916350,1356,74,3,19,20,29,59,37.0,77.0
1916352,1356,74,3,19,1,22,63,30.0,35.0
1916360,1356,74,3,19,1,15,49,31.0,76.0
1916389,1356,76,3,19,1,17,66,26.0,31.0
1916462,1356,81,3,19,1,8,39,15.0,12.0
1916545,1356,86,4,16,14,0,0,9.0,39.0
1916566,1356,87,3,11,1,12,55,34.0,5.0
1916628,1356,90,3,14,1,11,56,68.0,85.0
1916640,1356,91,3,11,1,9,41,42.0,61.0
1915087,1553,0,3,19,1,28,48,29.0,26.0
1915089,1553,1,3,19,1,24,37,9.0,48.0
1915122,1553,2,3,19,1,42,72,68.0,85.0
1915146,1553,4,3,19,1,36,52,24.0,82.0
1915215,1553,7,0,8,27,63,81,74.0,54.0
1915216,1553,7,3,19,1,74,54,93.0,70.0
1915290,1553,11,3,19,1,60,48,81.0,5.0
1915323,1553,14,3,19,1,29,48,52.0,7.0
1915333,1553,14,3,19,1,66,43,63.0,87.0
1915336,1553,14,3,19,1,58,65,35.0,76.0
1915358,1553,15,3,19,1,38,73,36.0,78.0
1915381,1553,16,3,19,1,39,69,25.0,76.0
1915383,1553,17,3,19,1,32,75,34.0,86.0
1915446,1553,20,0,1,27,3,68,28.0,87.0
1915530,1553,25,3,19,1,64,21,42.0,31.0
1915543,1553,26,3,19,1,46,41,67.0,50.0
1915600,1553,29,3,13,1,39,45,68.0,30.0
1915632,1553,30,0,10,22,25,24,18.0,26.0
1915683,1553,34,3,19,1,36,26,53.0,1.0
1915788,1553,39,0,9,27,35,81,34.0,62.0
1915813,1553,40,3,19,1,30,45,35.0,79.0
1915839,1553,42,3,19,1,41,43,30.0,93.0
1915847,1553,42,3,19,1,62,12,56.0,72.0
1915876,1553,43,0,8,27,54,49,54.0,49.0
1915879,1553,44,1,5,1,45,49,32.0,93.0
1915934,1553,47,3,12,1,41,66,50.0,47.0
1915960,1553,48,3,19,1,38,50,41.0,73.0
1916021,1553,51,3,13,1,16,13,30.0,8.0
1916140,1553,61,1,5,1,56,37,61.0,10.0
1916208,1553,65,3,19,1,21,65,28.0,77.0
1916262,1553,70,0,8,22,33,28,31.0,58.0
1916264,1553,70,3,19,1,31,58,28.0,79.0
1916281,1553,70,0,9,22,64,5,66.0,5.0
1916341,1553,73,0,8,27,48,19,48.0,17.0
1916469,1553,81,3,14,1,40,28,70.0,36.0
1916483,1553,81,0,9,22,63,4,65.0,7.0
1916548,1553,86,0,1,22,10,56,15.0,87.0
1916553,1553,86,2,2,20,3,51,23.0,70.0
1916569,1553,87,3,13,1,43,29,36.0,39.0
1916570,1553,87,3,13,1,36,39,57.0,92.0
1916601,1553,88,3,19,1,24,21,29.0,6.0
1916694,1553,93,0,9,22,32,45,41.0,27.0
1915082,1644,0,3,19,1,36,34,24.0,35.0
1915111,1644,2,3,19,1,36,7,61.0,22.0
1915135,1644,3,3,19,1,57,40,35.0,70.0
1915153,1644,4,3,19,1,60,79,71.0,92.0
1915162,1644,4,0,9,22,63,93,67.0,96.0
1915212,1644,7,3,19,1,55,83,59.0,95.0
1915225,1644,8,0,10,27,79,19,80.0,24.0
1915229,1644,9,5,18,11,90,34,0.0,0.0
1915332,1644,14,0,8,27,80,28,66.0,43.0
1915362,1644,15,3,19,1,49,49,37.0,76.0
1915367,1644,15,0,8,27,58,25,58.0,22.0
1915376,1644,16,3,19,1,48,73,41.0,95.0
1915533,1644,25,0,8,22,78,94,63.0,94.0
1915604,1644,29,3,19,1,51,55,33.0,74.0
1915657,1644,31,3,20,26,54,57,88.0,75.0
1915753,1644,37,0,8,27,54,93,62.0,75.0
1915755,1644,37,3,19,1,62,75,82.0,90.0
1915784,1644,39,3,19,1,37,90,29.0,93.0
1915814,1644,40,3,19,1,35,79,61.0,77.0
1915817,1644,40,3,19,1,32,82,29.0,68.0
1915875,1644,43,3,19,1,48,56,54.0,49.0
1915913,1644,45,0,8,22,94,73,89.0,89.0
1915915,1644,46,3,19,1,89,89,82.0,91.0
1915936,1644,47,3,19,1,45,81,29.0,94.0
1915988,1644,49,3,19,1,64,89,70.0,95.0
1915993,1644,49,3,19,1,62,81,63.0,97.0
1916028,1644,51,3,19,5,72,79,95.0,83.0
1916091,1644,57,0,8,22,28,86,26.0,100.0
1916206,1644,65,3,19,1,34,77,24.0,81.0
1916285,1644,71,0,8,27,70,10,70.0,12.0
1916287,1644,71,3,19,1,70,12,82.0,7.0
1916351,1644,74,3,19,1,37,77,22.0,63.0
1916359,1644,74,3,19,1,42,31,15.0,49.0
1916379,1644,76,3,19,1,34,21,9.0,39.0
1916444,1644,79,3,19,1,40,17,38.0,33.0
1916521,1644,84,0,10,27,10,61,14.0,72.0
1916603,1644,88,3,19,1,39,14,29.0,9.0
1916654,1644,91,3,19,1,45,27,58.0,30.0
1916685,1644,93,0,1,27,40,49,31.0,80.0
1915196,1914,6,3,19,1,66,93,73.0,91.0
1915201,1914,7,0,8,22,76,77,75.0,72.0
1915203,1914,7,3,19,1,75,72,75.0,81.0
1915306,1914,12,0,9,22,98,12,0.0,0.0
1915481,1914,23,0,8,27,47,7,55.0,11.0
1915486,1914,23,0,8,27,75,7,76.0,1.0
1915488,1914,23,3,19,1,76,1,90.0,10.0
1915681,1914,34,0,9,27,28,14,36.0,26.0
1915686,1914,34,0,9,27,44,23,40.0,16.0
1915700,1914,35,0,9,22,79,95,76.0,100.0
1915715,1914,35,3,4,19,95,87,89.0,27.0
1915815,1914,40,0,8,22,61,77,32.0,82.0
1915825,1914,41,0,8,22,92,91,89.0,100.0
1915828,1914,41,3,19,1,84,91,88.0,100.0
1915906,1914,45,0,1,27,47,7,56.0,11.0
1915909,1914,45,3,12,1,62,9,94.0,15.0
1915929,1914,46,0,8,27,66,85,69.0,88.0
1915978,1914,49,0,8,27,63,9,72.0,4.0
1916137,1914,61,0,8,27,67,49,66.0,44.0
1916147,1914,62,0,9,27,79,86,88.0,86.0
1916289,1914,71,0,8,22,82,7,80.0,0.0
1916297,1914,71,0,8,22,80,7,76.0,8.0
1916301,1914,71,0,9,27,79,11,80.0,34.0
1915067,1933,0,0,9,27,28,87,34.0,79.0
1915085,1933,0,3,19,1,22,78,29.0,92.0
1915092,1933,1,3,19,1,39,90,62.0,99.0
1915094,1933,1,3,19,1,30,81,44.0,79.0
1915136,1933,3,3,19,1,35,70,56.0,95.0
1915147,1933,4,3,19,1,24,82,13.0,46.0
1915150,1933,4,3,13,1,36,91,71.0,72.0
1915175,1933,5,1,5,1,26,86,33.0,91.0
1915177,1933,6,3,14,1,20,85,61.0,77.0
1915193,1933,6,3,19,1,28,68,28.0,80.0
1915320,1933,13,3,19,1,20,67,28.0,95.0
1915335,1933,14,3,19,1,39,72,58.0,65.0
1915337,1933,14,3,13,1,35,76,90.0,90.0
1915364,1933,15,3,19,1,29,71,17.0,54.0
1915375,1933,16,3,19,1,33,63,48.0,73.0
1915382,1933,16,3,19,1,25,76,32.0,75.0
1915384,1933,17,3,19,1,34,86,53.0,97.0
1915531,1933,25,3,19,1,42,31,65.0,80.0
1915538,1933,26,3,19,1,32,76,22.0,54.0
1915579,1933,28,3,19,1,28,87,35.0,83.0
1915597,1933,29,3,19,1,22,86,9.0,54.0
1915605,1933,29,3,19,1,33,74,30.0,88.0
1915695,1933,35,3,19,1,30,63,54.0,97.0
1915697,1933,35,3,19,1,32,68,53.0,96.0
1915709,1933,35,3,19,1,33,78,69.0,93.0
1915726,1933,36,3,19,1,26,67,32.0,7.0
1915731,1933,36,3,19,1,29,84,33.0,97.0
1915733,1933,36,3,19,1,27,84,39.0,85.0
1915752,1933,37,3,13,1,28,63,54.0,93.0
1915818,1933,40,3,19,1,29,68,33.0,33.0
1915823,1933,41,3,13,1,32,63,92.0,91.0
1915843,1933,42,3,19,1,69,76,50.0,51.0
1915858,1933,43,3,19,1,33,66,42.0,94.0
1915860,1933,43,3,19,1,29,72,36.0,97.0
1915952,1933,48,3,19,1,19,89,32.0,92.0
1915954,1933,48,3,19,1,25,75,11.0,54.0
1915961,1933,48,3,19,1,41,73,53.0,94.0
1916009,1933,50,3,12,20,21,72,26.0,39.0
1916114,1933,59,3,19,1,34,64,51.0,95.0
1916116,1933,59,3,19,1,34,65,33.0,36.0
1916142,1933,62,3,19,1,37,73,63.0,94.0
1916186,1933,64,3,19,1,28,74,11.0,47.0
1916207,1933,65,3,19,1,24,81,21.0,65.0
1916313,1933,72,3,19,1,29,83,33.0,94.0
1916356,1933,74,3,19,1,33,70,37.0,95.0
1916358,1933,74,3,19,1,30,70,42.0,31.0
1916376,1933,76,0,10,27,19,39,19.0,25.0
1916378,1933,76,3,19,1,19,25,34.0,21.0
1916388,1933,76,3,19,1,34,82,17.0,66.0
1916572,1933,87,3,4,19,77,98,91.0,55.0
1916686,1933,93,3,19,1,31,80,57.0,90.0
1915124,1949,2,0,8,22,89,91,89.0,100.0
1915286,1949,11,3,19,1,71,31,66.0,73.0
1915322,1949,13,3,19,1,54,86,29.0,48.0
1915343,1949,14,3,19,1,76,74,79.0,83.0
1915390,1949,17,0,8,27,77,88,80.0,77.0
1915398,1949,17,0,8,27,71,81,79.0,87.0
1915400,1949,17,3,19,1,79,87,92.0,95.0
1915425,1949,19,3,19,1,33,30,37.0,25.0
1915516,1949,25,0,8,27,68,12,74.0,10.0
1915517,1949,25,3,19,1,74,10,70.0,17.0
1915522,1949,25,0,8,22,85,5,87.0,0.0
1915563,1949,26,0,9,22,46,69,42.0,65.0
1915736,1949,37,0,1,22,75,58,88.0,36.0
1915881,1949,44,0,8,22,77,94,68.0,100.0
1916022,1949,51,0,10,27,30,8,27.0,20.0
1916082,1949,56,0,9,22,80,32,88.0,36.0
1916229,1949,66,0,10,27,42,17,45.0,15.0
1916338,1949,73,0,8,22,56,16,52.0,12.0
1916340,1949,73,3,19,1,52,12,48.0,19.0
1916470,1949,81,0,1,27,70,36,70.0,27.0
1916472,1949,81,2,0,1,70,27,90.0,10.0
1916473,1949,81,0,8,22,90,10,79.0,0.0
1916526,1949,84,0,9,27,65,84,83.0,80.0
1915073,1960,0,3,19,1,71,98,69.0,89.0
1915075,1960,0,3,19,1,72,100,84.0,100.0
1915104,1960,1,1,21,1,38,100,41.0,91.0
1915170,1960,5,3,19,1,41,87,34.0,80.0
1915185,1960,6,3,19,1,46,98,40.0,97.0
1915248,1960,9,3,19,1,44,96,37.0,84.0
1915253,1960,10,3,19,1,44,93,27.0,55.0
1915259,1960,10,3,19,1,80,66,76.0,63.0
1915312,1960,13,1,21,1,57,100,57.0,94.0
1915314,1960,13,3,19,1,56,99,57.0,89.0
1915351,1960,14,0,8,27,83,96,89.0,83.0
1915437,1960,19,3,19,1,54,96,46.0,87.0
1915465,1960,22,3,19,1,41,89,31.0,54.0
1915494,1960,24,0,9,27,13,95,14.0,93.0
1915496,1960,24,3,19,1,14,93,24.0,78.0
1915502,1960,24,3,19,1,54,94,63.0,84.0
1915589,1960,28,3,19,1,60,98,88.0,90.0
1915617,1960,29,3,19,1,56,96,51.0,83.0
1915626,1960,30,3,19,1,57,97,63.0,86.0
1915665,1960,33,3,19,1,56,97,56.0,85.0
1915667,1960,33,3,19,1,54,84,38.0,66.0
1915673,1960,33,3,19,1,76,97,78.0,86.0
1915675,1960,33,3,19,1,69,86,75.0,78.0
1915679,1960,34,0,1,27,78,97,72.0,86.0
1915739,1960,37,3,19,1,40,95,43.0,84.0
1915743,1960,37,3,19,1,39,80,34.0,25.0
1915773,1960,39,3,19,1,59,95,58.0,88.0
1915775,1960,39,3,19,1,56,80,53.0,49.0
1915801,1960,40,3,19,1,71,100,63.0,94.0
1915873,1960,43,3,19,1,26,79,32.0,71.0
1915891,1960,44,3,19,1,52,97,52.0,82.0
1915897,1960,45,3,13,1,58,96,79.0,79.0
1915970,1960,48,0,8,22,42,94,34.0,100.0
1916001,1960,50,3,19,1,47,89,43.0,82.0
1916003,1960,50,3,19,1,54,94,53.0,70.0
1916017,1960,51,1,21,1,82,100,82.0,86.0
1916048,1960,54,3,19,1,78,98,65.0,89.0
1916079,1960,56,0,10,27,39,73,20.0,68.0
1916081,1960,56,0,8,22,20,68,12.0,64.0
1916085,1960,57,3,19,1,34,71,32.0,50.0
1916158,1960,62,3,19,1,69,93,55.0,84.0
1916249,1960,69,1,21,1,84,100,81.0,80.0
1916324,1960,72,0,8,22,52,87,70.0,100.0
1916330,1960,73,0,8,22,48,96,43.0,100.0
1916333,1960,73,1,21,1,43,100,43.0,84.0
1916335,1960,73,3,19,1,44,94,43.0,88.0
1916373,1960,76,3,19,1,77,96,79.0,78.0
1916394,1960,77,1,21,1,48,100,47.0,79.0
1916397,1960,77,0,8,27,51,92,51.0,88.0
1916398,1960,77,3,19,1,51,88,47.0,82.0
1916422,1960,78,2,0,5,45,94,79.0,70.0
1916423,1960,78,3,19,5,79,70,97.0,75.0
1915172,1961,5,3,19,1,29,63,33.0,6.0
1915202,1961,7,0,9,22,24,23,25.0,28.0
1915231,1961,9,3,19,1,4,50,18.0,56.0
1915250,1961,10,3,19,1,24,62,36.0,55.0
1915254,1961,10,3,19,1,27,55,35.0,13.0
1915393,1961,17,3,19,20,7,22,14.0,7.0
1915411,1961,17,3,19,1,22,46,32.0,9.0
1915439,1961,19,3,19,1,38,56,39.0,16.0
1915462,1961,22,3,19,1,33,48,35.0,74.0
1915466,1961,22,3,19,1,31,54,31.0,23.0
1915470,1961,22,3,19,1,31,48,41.0,61.0
1915472,1961,23,3,19,1,34,49,56.0,55.0
1915490,1961,23,0,9,22,10,90,11.0,100.0
1915501,1961,24,3,19,1,34,53,54.0,94.0
1915570,1961,27,3,19,1,35,62,42.0,83.0
1915622,1961,30,3,19,1,30,55,41.0,15.0
1915624,1961,30,3,13,1,33,48,56.0,93.0
1915663,1961,33,3,19,1,31,55,40.0,74.0
1915735,1961,37,0,1,22,25,42,12.0,64.0
1915742,1961,37,3,19,1,29,77,39.0,80.0
1915748,1961,37,3,19,1,23,67,31.0,99.0
1915786,1961,39,3,12,1,33,7,47.0,15.0
1915804,1961,40,3,19,1,38,54,48.0,12.0
1915896,1961,45,3,19,1,34,52,58.0,96.0
1916039,1961,53,3,19,1,26,93,29.0,31.0
1916046,1961,54,3,19,1,51,59,68.0,95.0
1916099,1961,57,3,19,1,24,48,27.0,76.0
1916102,1961,58,3,19,1,28,51,38.0,13.0
1916110,1961,58,0,9,27,34,38,24.0,45.0
1916191,1961,64,1,5,1,42,67,74.0,31.0
1916219,1961,65,3,19,1,39,34,40.0,81.0
1916259,1961,70,3,19,1,34,55,46.0,86.0
1916346,1961,74,2,2,20,9,52,32.0,67.0
1916413,1961,77,3,19,1,47,23,58.0,12.0
1916431,1961,78,0,1,27,90,45,92.0,48.0
1916503,1961,83,3,13,1,33,48,78.0,24.0
1916542,1961,85,3,19,1,34,44,47.0,80.0
1916581,1961,88,3,19,1,28,52,39.0,62.0
1916583,1961,88,3,19,1,30,49,36.0,0.0
1915187,1967,6,0,9,22,97,81,100.0,100.0
1915223,1967,8,0,10,22,24,61,21.0,81.0
1915264,1967,10,3,19,1,87,13,76.0,4.0
1915347,1967,14,3,19,1,41,38,36.0,46.0
1915378,1967,16,0,9,22,51,25,58.0,26.0
1915434,1967,19,3,19,1,43,6,26.0,33.0
1915473,1967,23,3,19,1,56,55,53.0,94.0
1915561,1967,26,3,19,1,61,20,54.0,31.0
1915612,1967,29,0,10,27,55,46,45.0,39.0
1915644,1967,31,0,1,22,62,72,62.0,65.0
1915834,1967,41,3,19,1,41,16,45.0,6.0
1916000,1967,50,3,19,1,57,78,47.0,89.0
1916062,1967,55,0,8,27,90,24,91.0,24.0
1915083,2076,0,3,19,1,24,35,8.0,48.0
1915088,2076,1,3,19,1,29,26,24.0,37.0
1915106,2076,1,0,10,27,31,5,23.0,20.0
1915108,2076,2,3,19,1,23,20,12.0,28.0
1915188,2076,6,0,8,22,3,19,0.0,0.0
1915301,2076,12,2,0,1,29,57,69.0,20.0
1915302,2076,12,3,19,1,69,20,86.0,9.0
1915318,2076,13,3,19,1,10,26,9.0,50.0
1915366,2076,15,3,19,1,29,28,58.0,25.0
1915507,2076,24,3,14,1,7,12,32.0,9.0
1915540,2076,26,3,19,1,33,30,53.0,7.0
1915542,2076,26,3,19,1,35,22,46.0,41.0
1915578,2076,28,3,13,1,26,28,28.0,87.0
1915599,2076,29,3,19,1,32,18,39.0,45.0
1915630,2076,30,3,19,20,26,26,25.0,24.0
1915645,2076,31,0,1,22,38,28,38.0,35.0
1915708,2076,35,3,19,1,39,66,33.0,78.0
1915751,2076,37,3,12,1,28,37,28.0,63.0
1915819,2076,41,3,19,1,33,33,35.0,8.0
1915822,2076,41,3,19,1,29,33,32.0,63.0
1915844,2076,42,3,19,1,50,51,68.0,10.0
1915857,2076,43,3,19,1,33,35,33.0,66.0
1915950,2076,47,3,19,1,9,14,6.0,54.0
1915956,2076,48,3,19,1,30,15,37.0,4.0
1915958,2076,48,3,19,1,29,25,61.0,9.0
1915974,2076,49,0,9,27,33,6,32.0,4.0
1915976,2076,49,3,19,1,32,4,54.0,12.0
1916037,2076,53,3,13,1,32,17,71.0,24.0
1916089,2076,57,3,13,1,25,92,28.0,86.0
1916117,2076,59,3,19,1,33,36,31.0,4.0
1916164,2076,62,0,1,22,7,48,5.0,46.0
1916195,2076,64,0,10,27,10,76,12.0,87.0
1916197,2076,64,3,19,1,12,87,25.0,96.0
1916228,2076,66,3,14,1,8,47,42.0,17.0
1916232,2076,66,1,5,1,43,19,75.0,35.0
1916261,2076,70,3,19,20,30,18,33.0,28.0
1916353,2076,74,3,19,1,30,35,35.0,5.0
1916355,2076,74,3,19,1,29,30,33.0,70.0
1916390,2076,76,3,19,1,26,31,29.0,6.0
1916437,2076,79,0,10,27,33,29,27.0,35.0
1916439,2076,79,3,12,1,27,35,39.0,47.0
1916461,2076,81,3,19,1,15,20,8.0,39.0
1916464,2076,81,3,13,1,34,8,68.0,68.0
1916615,2076,89,0,10,27,41,33,38.0,8.0
1916649,2076,91,3,12,20,30,43,47.0,45.0
1916652,2076,91,3,12,1,31,36,63.0,27.0
1915072,2078,0,3,19,1,67,84,71.0,98.0
1915074,2078,0,3,19,1,69,89,72.0,100.0
1915077,2078,0,3,19,1,80,96,76.0,98.0
1915169,2078,5,3,19,1,43,41,41.0,87.0
1915184,2078,6,3,19,1,46,77,46.0,98.0
1915206,2078,7,3,19,1,15,50,30.0,51.0
1915244,2078,9,3,19,1,44,37,40.0,15.0
1915313,2078,13,3,19,1,57,94,56.0,99.0
1915315,2078,13,3,19,1,57,89,62.0,94.0
1915349,2078,14,3,19,1,37,71,45.0,94.0
1915409,2078,17,3,19,1,37,93,27.0,72.0
1915416,2078,18,2,0,1,60,81,74.0,82.0
1915423,2078,19,0,10,27,73,63,76.0,58.0
1915427,2078,19,0,10,27,60,85,49.0,87.0
1915429,2078,19,3,19,1,49,87,14.0,63.0
1915453,2078,20,0,9,27,60,34,62.0,34.0
1915455,2078,20,0,8,27,62,34,70.0,27.0
1915457,2078,20,3,19,1,70,27,67.0,6.0
1915474,2078,23,2,0,1,53,94,85.0,96.0
1915475,2078,23,3,19,1,85,96,79.0,87.0
1915523,2078,25,0,9,22,15,95,13.0,100.0
1915572,2078,27,3,19,1,62,80,55.0,58.0
1915591,2078,28,0,10,27,88,90,97.0,97.0
1915616,2078,29,3,19,1,46,72,56.0,96.0
1915618,2078,30,3,19,1,51,83,39.0,86.0
1915620,2078,30,3,19,1,46,95,37.0,86.0
1915625,2078,30,3,19,1,56,93,57.0,97.0
1915664,2078,33,3,19,1,40,74,56.0,97.0
1915666,2078,33,3,19,1,56,85,54.0,84.0
1915672,2078,33,3,19,1,70,88,76.0,97.0
1915740,2078,37,3,19,1,43,84,32.0,85.0
1915803,2078,40,3,19,1,53,94,38.0,54.0
1915898,2078,45,3,19,1,79,79,79.0,99.0
1915920,2078,46,3,12,20,30,77,43.0,63.0
1915946,2078,47,2,0,5,34,78,76.0,84.0
1915969,2078,48,3,19,1,38,77,42.0,94.0
1916002,2078,50,3,19,1,43,82,54.0,94.0
1916047,2078,54,3,19,1,68,95,78.0,98.0
1916049,2078,54,3,19,1,65,89,45.0,77.0
1916084,2078,57,3,19,1,30,94,34.0,71.0
1916101,2078,57,3,19,1,36,70,28.0,51.0
1916159,2078,62,3,13,1,55,84,68.0,4.0
1916170,2078,62,3,19,1,85,96,76.0,75.0
1916179,2078,63,2,0,20,44,81,76.0,47.0
1916180,2078,63,3,19,5,76,47,89.0,32.0
1916307,2078,71,3,19,1,35,93,30.0,81.0
1916328,2078,73,0,10,27,43,89,48.0,96.0
1916334,2078,73,3,19,1,43,84,44.0,94.0
1916374,2078,76,3,19,1,79,78,78.0,64.0
1916419,2078,78,0,9,27,41,83,37.0,95.0
1916421,2078,78,3,19,5,37,95,45.0,94.0
1916429,2078,78,1,3,19,100,100,90.0,45.0
1916448,2078,79,2,0,1,70,76,81.0,71.0
1916449,2078,79,3,19,1,81,71,92.0,73.0
1916454,2078,80,1,21,1,90,100,80.0,89.0
1916482,2078,81,1,21,1,16,100,37.0,96.0
1916512,2078,83,3,19,1,75,95,95.0,93.0
1916516,2078,84,1,3,1,100,100,79.0,75.0
1916543,2078,85,3,13,26,47,80,91.0,61.0
1916547,2078,86,1,3,19,100,100,90.0,44.0
1916596,2078,88,3,19,1,68,96,78.0,90.0
1916614,2078,89,3,13,1,33,72,59.0,67.0
1916618,2078,89,3,19,20,55,80,64.0,71.0
1916632,2078,90,3,19,1,29,90,28.0,73.0
1916660,2078,91,3,19,5,59,97,65.0,84.0
1916692,2078,93,3,19,1,58,83,57.0,63.0
1916696,2078,93,3,13,1,59,73,86.0,28.0
1915062,2095,0,3,19,1,50,50,44.0,33.0
1915069,2095,0,3,12,1,62,35,57.0,30.0
1915076,2095,0,3,19,1,84,100,80.0,96.0
1915078,2095,0,3,19,1,76,98,67.0,93.0
1915105,2095,1,3,13,1,41,91,69.0,95.0
1915168,2095,5,3,19,1,41,5,43.0,41.0
1915208,2095,7,0,10,27,30,51,26.0,49.0
1915222,2095,8,3,12,1,15,67,24.0,61.0
1915232,2095,9,0,8,27,18,56,27.0,39.0
1915234,2095,9,3,13,1,27,39,63.0,5.0
1915243,2095,9,3,19,1,53,32,44.0,37.0
1915299,2095,12,0,1,27,62,21,71.0,43.0
1915316,2095,13,3,19,1,62,94,59.0,89.0
1915413,2095,18,2,0,1,41,19,63.0,20.0
1915414,2095,18,3,19,1,63,20,60.0,34.0
1915503,2095,24,3,19,1,63,84,67.0,98.0
1915505,2095,24,0,9,22,84,97,93.0,88.0
1915528,2095,25,3,12,1,26,82,40.0,83.0
1915558,2095,26,0,8,27,62,38,60.0,26.0
1915559,2095,26,3,19,1,60,26,52.0,32.0
1915613,2095,29,0,8,27,45,39,48.0,51.0
1915615,2095,29,3,19,1,48,51,46.0,72.0
1915631,2095,30,0,10,22,75,76,82.0,74.0
1915633,2095,30,0,10,27,82,74,84.0,68.0
1915660,2095,33,3,19,1,50,50,41.0,50.0
1915674,2095,33,3,19,1,78,86,69.0,86.0
1915706,2095,35,3,12,1,42,13,53.0,17.0
1915721,2095,36,0,9,22,47,20,59.0,16.0
1915774,2095,39,3,19,1,58,88,56.0,80.0
1915832,2095,41,0,1,27,44,5,41.0,16.0
1915921,2095,46,3,12,1,43,63,41.0,36.0
1915945,2095,47,3,19,5,32,39,34.0,78.0
1916004,2095,50,3,19,1,53,70,56.0,29.0
1916018,2095,51,3,19,1,82,86,84.0,96.0
1916104,2095,58,3,19,1,56,10,55.0,0.0
1916106,2095,58,3,19,1,60,4,59.0,15.0
1916131,2095,61,3,12,1,28,4,27.0,16.0
1916145,2095,62,0,8,22,24,29,21.0,14.0
1916162,2095,62,3,4,19,99,28,93.0,52.0
1916199,2095,65,0,8,22,72,12,65.0,6.0
1916201,2095,65,3,19,1,65,6,74.0,19.0
1916218,2095,65,3,19,1,51,17,39.0,34.0
1916320,2095,72,3,19,1,36,3,26.0,18.0
1916395,2095,77,3,19,1,47,79,51.0,92.0
1916399,2095,77,3,19,1,47,82,54.0,77.0
1916440,2095,79,0,1,27,61,53,68.0,72.0
1916446,2095,79,0,9,27,62,67,64.0,71.0
1916447,2095,79,3,19,1,64,71,70.0,76.0
1916509,2095,83,3,19,1,74,15,71.0,36.0
1916532,2095,85,3,19,5,34,38,36.0,67.0
1916554,2095,86,0,10,27,77,30,73.0,52.0
1916582,2095,88,3,19,1,39,62,30.0,49.0
1916594,2095,88,3,19,1,56,73,54.0,86.0
1916636,2095,90,3,19,1,53,32,76.0,5.0
1916659,2095,91,3,19,5,35,76,59.0,97.0
1915065,2105,0,3,19,1,65,2,72.0,13.0
1915114,2105,2,2,0,1,46,17,66.0,10.0
1915155,2105,4,0,9,22,29,8,36.0,0.0
1915157,2105,4,1,21,1,36,0,36.0,9.0
1915159,2105,4,3,19,1,37,4,34.0,19.0
1915167,2105,5,1,21,1,37,0,41.0,5.0
1915182,2105,6,3,13,1,41,8,40.0,78.0
1915235,2105,9,3,19,1,63,5,51.0,6.0
1915245,2105,9,3,19,1,40,15,12.0,44.0
1915263,2105,10,3,20,1,65,13,87.0,13.0
1915273,2105,11,3,13,1,64,26,66.0,99.0
1915395,2105,17,0,8,27,14,7,24.0,7.0
1915396,2105,17,3,19,1,24,7,28.0,17.0
1915405,2105,17,3,19,1,28,6,31.0,19.0
1915407,2105,17,3,13,1,25,12,23.0,78.0
1915431,2105,19,3,19,1,25,41,30.0,23.0
1915433,2105,19,3,19,1,43,11,43.0,6.0
1915448,2105,20,3,19,1,72,13,85.0,9.0
1915498,2105,24,3,19,1,53,6,44.0,24.0
1915552,2105,26,2,0,1,14,46,26.0,33.0
1915554,2105,26,0,8,27,26,33,37.0,24.0
1915555,2105,26,3,19,1,37,24,48.0,41.0
1915560,2105,26,3,19,1,52,32,61.0,20.0
1915562,2105,26,0,8,22,54,31,58.0,35.0
1915564,2105,26,0,10,27,58,35,62.0,28.0
1915569,2105,27,3,19,1,46,29,35.0,62.0
1915583,2105,28,1,21,1,28,0,6.0,38.0
1915586,2105,28,3,19,1,9,18,18.0,74.0
1915609,2105,29,3,19,1,34,20,5.0,42.0
1915662,2105,33,3,19,1,44,7,31.0,55.0
1915670,2105,33,3,13,1,45,11,52.0,83.0
1915701,2105,35,0,8,22,21,5,24.0,0.0
1915703,2105,35,1,21,1,24,0,26.0,12.0
1915705,2105,35,3,13,1,24,5,42.0,13.0
1915745,2105,37,3,19,1,45,12,36.0,24.0
1915764,2105,38,1,21,1,16,0,21.0,10.0
1915766,2105,38,0,8,27,6,8,12.0,6.0
1915798,2105,39,3,13,1,54,13,51.0,84.0
1915808,2105,40,0,8,27,82,9,80.0,26.0
1915831,2105,41,1,21,1,23,0,44.0,5.0
1915863,2105,43,0,9,22,19,12,26.0,25.0
1915871,2105,43,3,19,1,7,33,18.0,95.0
1915893,2105,45,3,19,1,52,13,32.0,24.0
1915914,2105,46,0,9,22,6,27,11.0,11.0
1915924,2105,46,0,8,22,42,7,64.0,0.0
1915940,2105,47,0,8,22,12,8,9.0,11.0
1915942,2105,47,3,19,5,9,11,10.0,13.0
1915967,2105,48,3,13,1,29,5,16.0,88.0
1916006,2105,50,3,19,1,60,1,83.0,7.0
1916013,2105,50,3,13,1,68,39,91.0,87.0
1916034,2105,53,1,21,1,36,0,31.0,9.0
1916042,2105,53,3,19,1,54,4,47.0,17.0
1916044,2105,54,3,19,1,38,6,33.0,51.0
1916052,2105,54,3,19,1,68,2,91.0,3.0
1916056,2105,54,1,21,1,76,0,70.0,3.0
1916059,2105,54,0,8,22,78,2,76.0,0.0
1916061,2105,54,1,21,1,76,0,90.0,24.0
1916069,2105,56,3,19,1,77,12,82.0,3.0
1916071,2105,56,3,4,19,70,15,91.0,66.0
1916095,2105,57,0,10,27,67,3,68.0,4.0
1916096,2105,57,3,12,1,68,4,49.0,8.0
1916161,2105,62,3,20,26,79,22,99.0,28.0
1916212,2105,65,1,21,1,59,0,50.0,6.0
1916214,2105,65,3,19,1,59,4,64.0,3.0
1916257,2105,70,3,19,1,47,17,33.0,36.0
1916270,2105,70,0,9,22,8,24,9.0,30.0
1916316,2105,72,0,9,27,21,6,19.0,12.0
1916317,2105,72,3,19,1,19,12,37.0,15.0
1916321,2105,72,3,19,1,26,18,11.0,42.0
1916364,2105,75,0,8,22,56,5,45.0,0.0
1916366,2105,75,1,21,1,45,0,35.0,10.0
1916369,2105,75,3,13,1,37,23,44.0,90.0
1916411,2105,77,3,19,1,67,11,66.0,1.0
1916506,2105,83,3,19,1,75,11,79.0,18.0
1916511,2105,83,3,19,1,61,58,75.0,95.0
1916517,2105,84,3,4,2,79,75,85.0,36.0
1916562,2105,86,3,19,1,48,84,26.0,57.0
1916578,2105,88,3,19,1,24,8,21.0,26.0
1916585,2105,88,3,13,1,50,19,73.0,21.0
1916589,2105,88,1,21,1,64,0,66.0,1.0
1916591,2105,88,3,19,1,58,2,41.0,19.0
1916624,2105,90,3,13,1,64,9,55.0,75.0
1916645,2105,91,3,19,20,20,30,11.0,47.0
1916647,2105,91,3,19,1,28,15,47.0,12.0
1916678,2105,92,3,13,1,40,74,69.0,36.0
1916134,2111,61,3,19,1,46,26,44.0,5.0
1916156,2111,62,3,19,1,45,48,43.0,91.0
1916163,2111,62,0,1,22,93,52,95.0,54.0
1916181,2111,63,0,8,27,89,32,90.0,37.0
1916193,2111,64,0,1,27,74,31,86.0,29.0
1916223,2111,66,0,10,27,85,58,88.0,64.0
1916256,2111,69,3,19,1,59,45,47.0,17.0
1916263,2111,70,0,9,22,67,72,69.0,42.0
1916280,2111,70,0,8,22,36,95,34.0,95.0
1916318,2111,72,3,19,1,37,15,29.0,19.0
1916347,2111,74,0,1,27,32,67,31.0,54.0
1916409,2111,77,3,19,1,59,72,47.0,22.0
1916424,2111,78,3,19,5,97,75,91.0,62.0
1916484,2111,81,0,8,22,37,96,35.0,93.0
1916485,2111,82,3,12,1,35,93,36.0,85.0
1916504,2111,83,3,20,26,78,24,90.0,11.0
1916598,2111,88,0,8,22,78,90,75.0,97.0
1916619,2111,89,0,8,22,64,71,58.0,84.0
1916634,2111,90,3,19,1,45,76,39.0,59.0
1916697,2111,93,3,19,1,86,28,77.0,52.0
1916132,2129,61,3,19,1,27,16,35.0,21.0
1916222,2129,65,3,12,1,77,37,85.0,58.0
1916372,2129,76,3,19,1,72,87,77.0,96.0
1916530,2129,85,3,19,5,40,27,32.0,17.0
1916544,2129,86,5,18,14,91,61,100.0,100.0
1916550,2129,86,0,8,27,85,13,96.0,14.0
1916621,2129,89,3,19,1,58,84,46.0,66.0
1916695,2129,93,0,8,22,68,55,59.0,73.0
1915070,3335,0,3,19,1,57,30,53.0,64.0
1915178,3335,6,0,10,27,39,23,38.0,22.0
1915262,3335,10,3,12,1,67,41,65.0,13.0
1915403,3335,17,3,19,1,12,36,25.0,28.0
1915471,3335,22,3,19,1,41,61,34.0,49.0
1915497,3335,24,3,13,1,24,78,53.0,6.0
1915509,3335,24,0,10,22,62,96,58.0,96.0
1915511,3335,24,0,1,27,58,96,40.0,100.0
1915519,3335,25,0,9,27,30,83,36.0,88.0
1915527,3335,25,0,9,27,12,93,26.0,82.0
1915573,3335,27,3,19,1,55,58,48.0,40.0
1915661,3335,33,3,19,1,41,50,44.0,7.0
1915668,3335,33,3,19,1,38,66,37.0,16.0
1915777,3335,39,3,12,1,49,54,45.0,48.0
1915787,3335,39,3,12,1,47,15,65.0,19.0
1915793,3335,39,0,8,27,71,28,73.0,25.0
1915795,3335,39,3,19,1,73,25,67.0,5.0
1915797,3335,39,3,19,1,65,16,54.0,13.0
1915866,3335,43,0,9,27,26,25,28.0,15.0
1915867,3335,43,0,8,22,28,15,27.0,17.0
1915869,3335,43,3,19,1,27,17,19.0,7.0
1915895,3335,45,3,19,1,43,36,34.0,52.0
1915966,3335,48,3,19,1,40,22,29.0,5.0
1916024,3335,51,0,9,22,73,80,75.0,72.0
1916086,3335,57,3,19,1,32,50,30.0,21.0
1916090,3335,57,0,9,22,72,14,74.0,0.0
1916130,3335,61,3,12,1,26,12,28.0,4.0
1916133,3335,61,3,19,1,35,21,46.0,26.0
1916168,3335,62,3,19,1,73,66,68.0,91.0
1916171,3335,62,3,4,19,76,75,98.0,40.0
1916279,3335,70,3,13,20,12,90,36.0,95.0
1916309,3335,72,3,19,1,28,52,38.0,19.0
1916319,3335,72,3,19,1,29,19,36.0,3.0
1916478,3335,81,0,9,27,8,87,5.0,90.0
1916499,3335,82,3,12,20,47,49,48.0,15.0
1916510,3335,83,3,19,1,71,36,61.0,58.0
1916580,3335,88,3,19,1,31,36,28.0,52.0
1916622,3335,89,3,19,1,46,66,49.0,28.0
1916635,3335,90,3,19,1,39,59,53.0,32.0
1916651,3335,91,0,1,27,53,55,69.0,64.0
1916674,3335,92,3,13,1,35,46,54.0,86.0
1916693,3335,93,3,19,1,57,63,68.0,55.0
1915133,3341,3,3,19,1,18,68,26.0,70.0
1915171,3341,5,3,19,1,34,80,29.0,63.0
1915183,3341,6,3,19,1,40,78,46.0,77.0
1915221,3341,8,2,2,1,10,56,15.0,67.0
1915247,3341,9,3,19,1,36,87,44.0,96.0
1915249,3341,9,3,19,1,37,84,24.0,62.0
1915252,3341,10,3,19,1,38,94,44.0,93.0
1915278,3341,11,0,9,27,37,92,41.0,98.0
1915304,3341,12,0,9,27,14,91,2.0,88.0
1915305,3341,12,0,8,22,2,88,100.0,100.0
1915408,3341,17,3,19,1,23,78,37.0,93.0
1915410,3341,17,3,19,1,27,72,22.0,46.0
1915436,3341,19,3,19,1,39,91,54.0,96.0
1915438,3341,19,3,19,1,46,87,38.0,56.0
1915463,3341,22,3,19,1,35,74,53.0,97.0
1915571,3341,27,3,19,1,42,83,62.0,80.0
1915587,3341,28,2,0,1,18,74,49.0,93.0
1915588,3341,28,3,19,1,49,93,60.0,98.0
1915602,3341,29,0,1,27,32,70,48.0,53.0
1915619,3341,30,3,19,1,39,86,46.0,95.0
1915621,3341,30,3,19,1,37,86,30.0,55.0
1915643,3341,31,0,1,27,38,77,62.0,72.0
1915651,3341,31,0,9,22,54,96,57.0,82.0
1915738,3341,37,3,19,1,29,86,40.0,95.0
1915741,3341,37,3,19,1,32,85,29.0,77.0
1915749,3341,37,3,19,1,31,99,41.0,87.0
1915772,3341,38,3,19,1,47,85,59.0,95.0
1915800,3341,39,3,19,1,70,97,71.0,100.0
1915802,3341,40,3,19,1,63,94,53.0,94.0
1915853,3341,43,3,19,1,28,95,43.0,93.0
1915872,3341,43,3,19,1,18,95,26.0,79.0
1915890,3341,44,3,19,1,44,81,52.0,97.0
1915892,3341,45,3,13,1,52,82,52.0,13.0
1915903,3341,45,0,1,27,60,93,62.0,100.0
1915968,3341,48,3,19,1,16,88,38.0,77.0
1915973,3341,49,1,21,1,34,100,67.0,94.0
1915997,3341,49,0,9,27,27,44,27.0,41.0
1916050,3341,54,3,19,1,45,77,54.0,18.0
1916073,3341,56,0,1,27,91,66,93.0,34.0
1916100,3341,57,3,19,1,27,76,36.0,70.0
1916155,3341,62,3,19,1,34,68,45.0,48.0
1916169,3341,62,3,19,1,68,91,85.0,96.0
1916189,3341,64,0,10,27,38,72,37.0,76.0
1916221,3341,65,3,13,1,65,76,77.0,37.0
1916245,3341,68,3,12,1,46,69,56.0,66.0
1916255,3341,69,0,1,27,36,77,59.0,45.0
1916275,3341,70,0,1,27,7,65,20.0,100.0
1916288,3341,71,0,9,22,18,93,20.0,100.0
1916291,3341,71,1,21,1,20,100,14.0,82.0
1916298,3341,71,0,9,22,20,93,24.0,92.0
1916300,3341,71,3,19,20,23,95,21.0,89.0
1916306,3341,71,3,19,1,23,84,35.0,93.0
1916308,3341,71,3,19,1,30,81,28.0,52.0
1916323,3341,72,3,19,1,30,83,52.0,87.0
1916371,3341,76,3,19,1,61,72,72.0,87.0
1916406,3341,77,0,10,27,46,93,46.0,93.0
1916408,3341,77,3,19,1,46,93,59.0,72.0
1916436,3341,79,0,1,27,41,77,67.0,71.0
1916455,3341,80,3,19,1,80,89,91.0,96.0
1916474,3341,81,0,9,22,10,90,21.0,100.0
1916533,3341,85,2,0,5,36,67,60.0,72.0
1916534,3341,85,3,19,5,60,72,72.0,98.0
1916549,3341,86,0,1,22,90,44,85.0,13.0
1916557,3341,86,3,19,1,81,63,91.0,85.0
1916593,3341,88,3,19,1,55,81,56.0,73.0
1916595,3341,88,3,19,1,54,86,68.0,96.0
1916605,3341,88,3,19,1,56,87,73.0,86.0
1916613,3341,89,3,19,1,36,58,33.0,72.0
1916626,3341,90,3,19,1,68,91,81.0,97.0
1916633,3341,90,3,19,1,28,73,45.0,76.0
1916671,3341,92,1,21,1,33,100,23.0,62.0
1916677,3341,92,3,19,1,52,83,40.0,74.0
1915063,3346,0,3,19,1,44,33,42.0,4.0
1915125,3346,2,0,9,22,11,9,11.0,0.0
1915158,3346,4,3,19,1,36,9,37.0,4.0
1915161,3346,4,0,8,27,34,19,37.0,7.0
1915163,3346,5,0,8,22,37,7,33.0,4.0
1915251,3346,10,3,19,1,36,55,38.0,94.0
1915348,3346,14,3,19,1,36,46,37.0,71.0
1915404,3346,17,3,19,1,25,28,28.0,6.0
1915406,3346,17,3,19,1,31,19,25.0,12.0
1915415,3346,18,3,19,1,60,34,60.0,81.0
1915445,3346,20,1,3,19,100,0,97.0,32.0
1915469,3346,22,3,19,1,45,34,31.0,48.0
1915476,3346,23,3,19,1,79,87,71.0,99.0
1915499,3346,24,3,19,1,44,24,35.0,25.0
1915534,3346,25,0,9,22,22,6,37.0,6.0
1915568,3346,27,3,19,1,57,18,46.0,29.0
1915585,3346,28,3,19,1,24,5,9.0,18.0
1915704,3346,35,3,19,1,26,12,24.0,5.0
1915765,3346,38,3,19,1,21,10,6.0,8.0
1915776,3346,39,3,19,1,53,49,49.0,54.0
1915778,3346,39,3,19,1,45,48,44.0,24.0
1915796,3346,39,3,19,1,67,5,65.0,16.0
1915806,3346,40,3,19,1,65,6,82.0,9.0
1915870,3346,43,3,19,1,19,7,7.0,33.0
1915922,3346,46,3,19,1,41,36,42.0,7.0
1916005,3346,50,3,19,1,56,29,60.0,1.0
1916007,3346,50,3,19,1,83,7,72.0,18.0
1916041,3346,53,3,19,1,46,16,54.0,4.0
1916043,3346,53,3,19,1,47,17,38.0,6.0
1916070,3346,56,3,19,1,82,3,70.0,15.0
1916107,3346,58,3,19,1,59,15,46.0,3.0
1915113,3347,2,3,19,1,43,55,46.0,17.0
1915140,3347,3,0,9,22,12,22,100.0,100.0
1915145,3347,4,0,1,27,37,29,64.0,48.0
1915181,3347,6,1,5,1,33,24,41.0,8.0
1915241,3347,9,0,9,27,43,22,48.0,24.0
1915242,3347,9,3,19,1,48,24,53.0,32.0
1915256,3347,10,3,13,1,48,8,86.0,10.0
1915339,3347,14,0,10,27,10,10,15.0,18.0
1915344,3347,14,0,9,27,21,17,29.0,14.0
1915346,3347,14,3,19,1,29,14,41.0,38.0
1915412,3347,17,3,19,1,32,9,41.0,19.0
1915432,3347,19,3,19,1,30,23,43.0,11.0
1915435,3347,19,3,13,1,26,33,39.0,91.0
1915441,3347,19,3,20,1,54,12,99.0,12.0
1915461,3347,22,3,19,1,37,21,33.0,48.0
1915468,3347,22,3,19,1,45,21,45.0,34.0
1915500,3347,24,3,19,1,35,25,34.0,53.0
1915567,3347,27,1,5,1,53,40,57.0,18.0
1915574,3347,27,3,19,1,48,40,66.0,10.0
1915623,3347,30,3,19,1,41,15,33.0,48.0
1915669,3347,33,3,19,1,37,16,45.0,11.0
1915744,3347,37,3,19,1,34,25,45.0,12.0
1915746,3347,37,3,19,1,36,24,17.0,50.0
1915757,3347,38,0,9,27,18,10,1.0,2.0
1915779,3347,39,2,0,1,44,24,65.0,6.0
1915780,3347,39,0,8,22,65,6,67.0,0.0
1915805,3347,40,3,19,1,48,12,65.0,6.0
1915816,3347,40,0,9,22,39,23,68.0,18.0
1915824,3347,41,0,9,22,8,9,11.0,0.0
1915851,3347,43,3,19,1,20,16,13.0,52.0
1915882,3347,44,0,9,22,23,6,32.0,0.0
1915894,3347,45,3,19,1,32,24,43.0,36.0
1915939,3347,47,0,9,27,23,2,12.0,8.0
1915944,3347,47,3,19,5,25,27,32.0,39.0
1915965,3347,48,3,19,1,33,35,40.0,22.0
1915985,3347,49,3,19,1,16,12,32.0,3.0
1916040,3347,53,3,19,1,29,31,46.0,16.0
1916051,3347,54,3,19,1,54,18,68.0,2.0
1916057,3347,54,3,19,1,70,3,78.0,2.0
1916074,3347,56,0,1,27,93,34,96.0,41.0
1916076,3347,56,5,18,12,96,41,100.0,100.0
1916087,3347,57,3,19,1,30,21,53.0,4.0
1916097,3347,57,3,19,1,49,8,19.0,30.0
1916103,3347,58,3,19,1,38,13,56.0,10.0
1916105,3347,58,3,19,1,55,0,60.0,4.0
1916213,3347,65,3,19,1,50,6,59.0,4.0
1916258,3347,70,3,19,1,33,36,34.0,55.0
1916362,3347,74,3,12,1,43,12,56.0,5.0
1916367,3347,75,3,19,1,35,10,48.0,4.0
1916412,3347,77,3,19,1,66,1,47.0,23.0
1916466,3347,81,0,1,27,32,32,47.0,59.0
1916502,3347,83,3,19,1,36,14,33.0,48.0
1916508,3347,83,3,19,1,72,26,74.0,15.0
1916529,3347,85,3,19,5,31,21,40.0,27.0
1916531,3347,85,3,19,5,32,17,34.0,38.0
1916579,3347,88,3,19,1,21,26,31.0,36.0
1916592,3347,88,3,13,1,41,19,55.0,81.0
1916623,3347,89,3,19,1,49,28,64.0,9.0
1916630,3347,90,3,19,1,25,19,12.0,50.0
1916637,3347,90,3,4,19,76,5,96.0,71.0
1916673,3347,92,3,19,1,39,13,35.0,46.0
1916683,3347,92,3,12,1,50,36,60.0,51.0
1916687,3347,93,0,10,22,43,10,49.0,0.0
1916690,3347,93,1,21,1,49,0,53.0,17.0
1915080,3394,0,0,9,27,33,7,33.0,17.0
1915081,3394,0,3,19,1,33,17,36.0,34.0
1915095,3394,1,3,19,1,44,79,50.0,93.0
1915097,3394,1,3,19,1,59,75,41.0,91.0
1915123,3394,2,3,19,1,68,85,89.0,91.0
1915128,3394,3,3,19,1,82,82,89.0,93.0
1915138,3394,3,3,19,1,88,86,88.0,78.0
1915154,3394,4,0,8,22,71,92,64.0,100.0
1915192,3394,6,3,19,1,37,73,28.0,68.0
1915289,3394,11,3,19,1,70,52,60.0,48.0
1915325,3394,14,0,8,27,77,5,81.0,3.0
1915327,3394,14,3,19,1,81,3,69.0,6.0
1915341,3394,14,3,19,20,66,80,67.0,93.0
1915356,3394,15,3,19,1,40,41,28.0,89.0
1915359,3394,15,3,19,1,36,78,43.0,95.0
1915361,3394,15,3,19,1,38,73,49.0,49.0
1915363,3394,15,3,19,1,37,76,29.0,71.0
1915380,3394,16,3,19,1,42,74,39.0,69.0
1915401,3394,17,3,19,1,92,95,90.0,71.0
1915603,3394,29,3,19,20,52,47,51.0,55.0
1915654,3394,31,3,19,1,63,36,60.0,20.0
1915656,3394,31,3,19,1,63,35,54.0,57.0
1915692,3394,34,3,19,1,62,12,71.0,7.0
1915694,3394,34,3,13,1,57,10,30.0,63.0
1915711,3394,35,3,19,1,66,78,61.0,83.0
1915713,3394,35,3,19,1,66,87,70.0,76.0
1915722,3394,36,0,8,22,53,80,41.0,84.0
1915723,3394,36,3,19,1,41,84,34.0,92.0
1915725,3394,36,3,19,1,36,77,26.0,67.0
1915842,3394,42,3,19,1,80,94,69.0,76.0
1915864,3394,43,0,8,22,81,88,74.0,75.0
1915868,3394,43,0,9,22,72,85,73.0,83.0
1915885,3394,44,3,19,1,71,90,79.0,96.0
1915918,3394,46,3,19,1,50,50,32.0,61.0
1915927,3394,46,3,19,1,58,89,51.0,97.0
1916025,3394,51,0,8,22,27,20,25.0,28.0
